time,alpha,beta,gamma,delta
0.000,-0.0029,0.5697,0.3344,0.3140
0.010,0.0413,0.5954,0.3584,0.2986
0.020,0.0827,0.6724,0.3696,0.3264
0.030,0.1420,0.7041,0.3613,0.2775
0.040,0.1736,0.7427,0.3858,0.2859
0.050,0.2167,0.6820,0.3855,0.2839
0.060,0.2579,0.6801,0.4038,0.2613
0.070,0.2870,0.6165,0.4099,0.2049
0.080,0.2464,0.5635,0.3802,0.2284
0.090,0.3357,0.4755,0.4132,0.1641
0.100,0.3406,0.4110,0.3940,0.1717
0.110,0.3714,0.3399,0.3980,0.1347
0.120,0.3590,0.2396,0.3667,0.1039
0.130,0.3765,0.2322,0.3487,0.0405
0.140,0.4042,0.1605,0.3620,0.0480
0.150,0.4226,0.0946,0.3084,-0.0097
0.160,0.4170,0.0508,0.3205,-0.0228
0.170,0.3946,0.0953,0.3127,-0.0083
0.180,0.4162,0.0850,0.2693,-0.0957
0.190,0.4261,0.1132,0.2571,-0.0855
0.200,0.3970,0.1516,0.1981,-0.1400
0.210,0.4061,0.1983,0.2340,-0.1328
0.220,0.4307,0.2194,0.2058,-0.1246
0.230,0.4415,0.2102,0.1751,-0.1404
0.240,0.4739,0.2282,0.1682,-0.1563
0.250,0.4975,0.2108,0.0902,-0.1681
0.260,0.4819,0.1970,0.0877,-0.1234
0.270,0.4596,0.1243,0.0529,-0.1352
0.280,0.5194,0.0358,0.0465,-0.1277
0.290,0.5507,-0.0225,-0.0267,-0.0920
0.300,0.5904,-0.1658,-0.0431,-0.0828
0.310,0.6368,-0.2318,-0.0312,-0.0232
0.320,0.6779,-0.3424,-0.1082,0.0109
0.330,0.7172,-0.4224,-0.1143,0.0525
0.340,0.7442,-0.4306,-0.1606,0.0690
0.350,0.7187,-0.4777,-0.1920,0.1606
0.360,0.7598,-0.4916,-0.2451,0.1544
0.370,0.8032,-0.4787,-0.2090,0.2045
0.380,0.7985,-0.4664,-0.2505,0.2585
0.390,0.8263,-0.4209,-0.2805,0.3056
0.400,0.8814,-0.3923,-0.2962,0.3766
0.410,0.8723,-0.3704,-0.3178,0.4038
0.420,0.8770,-0.3190,-0.3123,0.4023
0.430,0.8431,-0.2987,-0.3459,0.4363
0.440,0.8937,-0.2825,-0.3827,0.4916
0.450,0.8671,-0.3317,-0.3639,0.5097
0.460,0.8472,-0.3172,-0.3713,0.5245
0.470,0.8580,-0.3503,-0.4012,0.5650
0.480,0.8353,-0.3828,-0.4279,0.5881
0.490,0.8122,-0.4977,-0.3541,0.5862
0.500,0.8448,-0.5768,-0.3844,0.5841
0.510,0.7671,-0.6375,-0.3941,0.6006
0.520,0.7195,-0.6620,-0.3866,0.6294
0.530,0.7227,-0.7465,-0.3127,0.5705
0.540,0.6953,-0.7963,-0.3570,0.5906
0.550,0.7351,-0.8034,-0.3870,0.5527
0.560,0.7202,-0.7807,-0.3805,0.5415
0.570,0.7118,-0.7191,-0.3147,0.5257
0.580,0.6503,-0.7328,-0.3076,0.5038
0.590,0.6806,-0.6668,-0.3126,0.4498
0.600,0.6426,-0.5780,-0.3151,0.4283
0.610,0.6741,-0.4927,-0.2452,0.4231
0.620,0.6588,-0.4748,-0.2365,0.4007
0.630,0.6903,-0.3970,-0.1316,0.3363
0.640,0.6881,-0.3619,-0.1767,0.3503
0.650,0.7120,-0.3744,-0.1534,0.2803
0.660,0.7042,-0.3701,-0.1628,0.2029
0.670,0.6935,-0.3591,-0.0824,0.1968
0.680,0.6758,-0.4259,-0.0539,0.1933
0.690,0.7241,-0.4084,-0.0352,0.1895
0.700,0.7033,-0.4809,-0.0125,0.1309
0.710,0.6617,-0.5069,0.0322,0.1191
0.720,0.6866,-0.5377,0.0907,0.1150
0.730,0.6829,-0.5795,0.0837,0.0811
0.740,0.6789,-0.5722,0.1503,0.1220
0.750,0.6864,-0.5738,0.1544,0.0817
0.760,0.6521,-0.5168,0.1524,0.1505
0.770,0.6334,-0.5093,0.2046,0.1130
0.780,0.5944,-0.3915,0.2260,0.0956
0.790,0.5401,-0.3027,0.2677,0.1939
0.800,0.5651,-0.2699,0.2791,0.1411
0.810,0.5245,-0.1337,0.2614,0.2470
0.820,0.4664,-0.0922,0.3090,0.2229
0.830,0.4157,0.0097,0.3477,0.2427
0.840,0.3792,0.1131,0.3190,0.3116
0.850,0.3363,0.1026,0.3619,0.3474
0.860,0.2736,0.1718,0.3762,0.3816
0.870,0.2412,0.1225,0.3943,0.4223
0.880,0.2266,0.1205,0.3893,0.4634
0.890,0.1986,0.0949,0.3986,0.5194
0.900,0.1498,0.0496,0.3662,0.5303
0.910,0.1043,0.0522,0.3848,0.6142
0.920,0.1447,0.0092,0.3533,0.6107
0.930,0.0761,-0.0360,0.3756,0.6571
0.940,0.0502,-0.0211,0.3596,0.7170
0.950,0.0411,-0.0036,0.3594,0.7267
0.960,0.0181,0.0603,0.3714,0.7450
0.970,0.0497,0.0954,0.3675,0.7324
0.980,0.0055,0.2012,0.3473,0.7621
0.990,-0.0174,0.2701,0.3024,0.7527
1.000,-0.0130,0.3507,0.2550,0.7827
1.010,-0.0029,0.4201,0.2989,0.7873
1.020,-0.0255,0.4974,0.2712,0.7395
1.030,-0.0284,0.5647,0.2364,0.7642
1.040,-0.0311,0.6496,0.2159,0.7393
1.050,-0.0685,0.6713,0.1971,0.7560
1.060,-0.0744,0.6666,0.1595,0.7028
1.070,-0.0774,0.6211,0.1505,0.6916
1.080,-0.0765,0.6726,0.1001,0.6487
1.090,-0.1238,0.6260,0.0438,0.6274
1.100,-0.1815,0.4876,0.0096,0.5562
1.110,-0.1620,0.4726,0.0167,0.5252
1.120,-0.2052,0.4233,0.0188,0.4923
1.130,-0.2693,0.4133,-0.0359,0.5040
1.140,-0.2900,0.3665,-0.0761,0.4276
1.150,-0.3178,0.3954,-0.0954,0.4207
1.160,-0.3834,0.4001,-0.1170,0.3996
1.170,-0.4155,0.4281,-0.1684,0.3504
1.180,-0.4653,0.4885,-0.2116,0.3277
1.190,-0.5189,0.5226,-0.1774,0.2532
1.200,-0.5306,0.6008,-0.2424,0.2832
1.210,-0.5332,0.6194,-0.2740,0.2526
1.220,-0.6204,0.7031,-0.2636,0.2345
1.230,-0.6265,0.7518,-0.3014,0.2351
1.240,-0.6558,0.7784,-0.3141,0.2045
1.250,-0.6690,0.7700,-0.3404,0.2159
1.260,-0.6531,0.7586,-0.3200,0.2191
1.270,-0.6745,0.7204,-0.3429,0.2265
1.280,-0.6995,0.6381,-0.3572,0.1829
1.290,-0.7051,0.5963,-0.3415,0.2395
1.300,-0.6874,0.5111,-0.3931,0.2281
1.310,-0.7236,0.4055,-0.3642,0.2757
1.320,-0.6889,0.3609,-0.3582,0.3280
1.330,-0.7078,0.2908,-0.3897,0.3043
1.340,-0.6750,0.2716,-0.3771,0.3592
1.350,-0.6601,0.1700,-0.3691,0.4062
1.360,-0.6871,0.2323,-0.3468,0.4338
1.370,-0.6722,0.2019,-0.3680,0.4493
1.380,-0.6392,0.2503,-0.3313,0.4903
1.390,-0.6235,0.3001,-0.3310,0.5304
1.400,-0.6831,0.3048,-0.3387,0.5832
1.410,-0.6473,0.3016,-0.2641,0.6490
1.420,-0.6998,0.3319,-0.2920,0.6288
1.430,-0.6891,0.3249,-0.2714,0.7145
1.440,-0.7177,0.3711,-0.2757,0.7173
1.450,-0.7138,0.3962,-0.2193,0.7196
1.460,-0.7142,0.3082,-0.2266,0.7516
1.470,-0.7464,0.2637,-0.1676,0.7497
1.480,-0.7532,0.2210,-0.1715,0.8046
1.490,-0.7857,0.0851,-0.0743,0.7782
1.500,-0.7726,0.0248,-0.1292,0.7779
1.510,-0.8288,-0.1103,-0.1033,0.7732
1.520,-0.8234,-0.1615,-0.0459,0.7461
1.530,-0.8698,-0.2546,-0.0321,0.7442
1.540,-0.8626,-0.3196,0.0123,0.7149
1.550,-0.8711,-0.3308,0.0487,0.7170
1.560,-0.9094,-0.3679,0.0786,0.6941
1.570,-0.9096,-0.3574,0.1247,0.6478
1.580,-0.8766,-0.3355,0.1325,0.6319
1.590,-0.8660,-0.3134,0.1381,0.5794
1.600,-0.8309,-0.2857,0.1756,0.5353
1.610,-0.8246,-0.2631,0.2215,0.4872
1.620,-0.8420,-0.2117,0.2289,0.4717
1.630,-0.7767,-0.2044,0.2570,0.4070
1.640,-0.7469,-0.1789,0.2792,0.3887
1.650,-0.7594,-0.2110,0.2973,0.3451
1.660,-0.7111,-0.2632,0.3080,0.2935
1.670,-0.7040,-0.2882,0.2827,0.2852
1.680,-0.6336,-0.3500,0.3135,0.2186
1.690,-0.6221,-0.4715,0.3487,0.2201
1.700,-0.5947,-0.5119,0.3584,0.1865
1.710,-0.5373,-0.5793,0.3487,0.1466
1.720,-0.5283,-0.6189,0.3617,0.1153
1.730,-0.5245,-0.7494,0.3782,0.0940
1.740,-0.5096,-0.7872,0.3507,0.1219
1.750,-0.4919,-0.8029,0.3759,0.0977
1.760,-0.4408,-0.7524,0.3693,0.0772
1.770,-0.4385,-0.7363,0.3529,0.0777
1.780,-0.4035,-0.7164,0.3494,0.1145
1.790,-0.3968,-0.6517,0.3419,0.1400
1.800,-0.3685,-0.5705,0.3511,0.1201
1.810,-0.3320,-0.5620,0.3173,0.1485
1.820,-0.3713,-0.4739,0.2815,0.1913
1.830,-0.3900,-0.4429,0.2691,0.1977
1.840,-0.4067,-0.4047,0.2650,0.2557
1.850,-0.4131,-0.4255,0.2409,0.2988
1.860,-0.4003,-0.3479,0.2444,0.2807
1.870,-0.3981,-0.4108,0.1886,0.3844
1.880,-0.3914,-0.4374,0.2178,0.3680
1.890,-0.3785,-0.5019,0.1711,0.4206
1.900,-0.3412,-0.5745,0.1391,0.4215
1.910,-0.3661,-0.6091,0.0833,0.4771
1.920,-0.2599,-0.5992,0.0735,0.4844
1.930,-0.2576,-0.6436,0.0492,0.5167
1.940,-0.1962,-0.6783,0.0201,0.5446
1.950,-0.1945,-0.6881,-0.0030,0.5381
1.960,-0.1743,-0.6009,-0.0111,0.5749
1.970,-0.1475,-0.5956,-0.0326,0.5766
1.980,-0.0580,-0.5509,-0.0868,0.6294
1.990,-0.0840,-0.4212,-0.1449,0.5948
2.000,-0.0035,-0.3430,-0.1972,0.5555
2.010,0.0325,-0.2724,-0.1774,0.5820
2.020,0.0633,-0.2000,-0.2011,0.5791
2.030,0.1405,-0.0928,-0.2207,0.5510
2.040,0.1697,-0.0720,-0.2309,0.5048
2.050,0.2135,-0.0471,-0.2700,0.4789
2.060,0.2636,-0.0132,-0.2474,0.4867
2.070,0.2373,-0.0318,-0.2732,0.4331
2.080,0.2769,-0.0289,-0.3082,0.3923
2.090,0.3159,-0.0611,-0.3710,0.3842
2.100,0.3261,-0.0575,-0.3549,0.3020
2.110,0.3824,-0.1472,-0.3555,0.3035
2.120,0.3650,-0.1742,-0.3479,0.2447
2.130,0.4071,-0.1434,-0.2978,0.1724
2.140,0.3884,-0.1748,-0.3403,0.1788
2.150,0.4092,-0.1488,-0.3811,0.0796
2.160,0.4321,-0.0834,-0.3721,0.0981
2.170,0.4160,-0.0160,-0.3980,0.0264
2.180,0.4077,0.0451,-0.3429,-0.0157
2.190,0.4096,0.1668,-0.3427,-0.0114
2.200,0.4111,0.2283,-0.3129,-0.0565
2.210,0.4419,0.2852,-0.3277,-0.0666
2.220,0.4105,0.4077,-0.3415,-0.1227
2.230,0.4360,0.4952,-0.3086,-0.1054
2.240,0.4348,0.5124,-0.3232,-0.1486
2.250,0.4824,0.5450,-0.2539,-0.1495
2.260,0.4810,0.5857,-0.2775,-0.1795
2.270,0.5331,0.5633,-0.2880,-0.1472
2.280,0.5239,0.5680,-0.2381,-0.1541
2.290,0.5410,0.4774,-0.2151,-0.1612
2.300,0.5678,0.4247,-0.2074,-0.1496
2.310,0.6087,0.4003,-0.1774,-0.0909
2.320,0.6496,0.3674,-0.1367,-0.0472
2.330,0.6871,0.3578,-0.1530,-0.0678
2.340,0.6702,0.3266,-0.0672,-0.0414
2.350,0.7541,0.3188,-0.0360,-0.0301
2.360,0.7668,0.3699,-0.0095,0.0288
2.370,0.8367,0.3928,-0.0018,0.0073
2.380,0.8563,0.4477,0.0111,0.1204
2.390,0.8650,0.5213,0.0330,0.1335
2.400,0.8435,0.5643,0.1094,0.1127
2.410,0.8788,0.6640,0.1558,0.1907
2.420,0.8335,0.6977,0.1416,0.2180
2.430,0.8972,0.7218,0.1585,0.2546
2.440,0.9072,0.8274,0.1811,0.2783
2.450,0.9053,0.8233,0.2261,0.2907
2.460,0.8463,0.7583,0.2528,0.2811
2.470,0.8495,0.7436,0.2454,0.3024
2.480,0.8148,0.7070,0.2769,0.3016
2.490,0.8035,0.6589,0.3265,0.2919
2.500,0.8247,0.5910,0.2515,0.2848
2.510,0.7682,0.5174,0.3221,0.3008
2.520,0.7743,0.4170,0.3153,0.2536
2.530,0.7395,0.3759,0.3437,0.2455
2.540,0.7434,0.3544,0.3793,0.2520
2.550,0.7130,0.3245,0.3666,0.1983
2.560,0.7211,0.3388,0.3981,0.1817
2.570,0.6904,0.3235,0.3605,0.1597
2.580,0.6726,0.3367,0.3958,0.1139
2.590,0.6704,0.3939,0.3615,0.0771
2.600,0.6645,0.3925,0.3538,0.0073
2.610,0.6693,0.4328,0.3667,0.0023
2.620,0.6724,0.4870,0.3486,-0.0956
2.630,0.6485,0.5062,0.3372,-0.1017
2.640,0.6556,0.5152,0.3094,-0.1651
2.650,0.6885,0.4923,0.3287,-0.1731
2.660,0.7032,0.4665,0.2725,-0.2463
2.670,0.6654,0.4620,0.2508,-0.2709
2.680,0.6931,0.3267,0.2422,-0.3407
2.690,0.6843,0.2203,0.2313,-0.3506
2.700,0.6922,0.1617,0.2009,-0.3484
2.710,0.6973,0.0708,0.1636,-0.3802
2.720,0.6927,-0.0109,0.1732,-0.4189
2.730,0.6974,-0.1008,0.1690,-0.4144
2.740,0.6911,-0.1752,0.0949,-0.4594
2.750,0.6608,-0.1825,0.0730,-0.4310
2.760,0.6459,-0.2521,0.0551,-0.5098
2.770,0.6070,-0.2245,0.0256,-0.4635
2.780,0.5865,-0.2112,0.0409,-0.4270
2.790,0.5404,-0.1482,-0.0485,-0.4574
2.800,0.5595,-0.1858,-0.0314,-0.4518
2.810,0.4894,-0.1119,-0.0356,-0.4248
2.820,0.4522,-0.0687,-0.1007,-0.4034
2.830,0.4123,-0.0633,-0.1036,-0.3811
2.840,0.3639,-0.0579,-0.1496,-0.3386
2.850,0.3320,-0.0955,-0.1863,-0.2968
2.860,0.2705,-0.0943,-0.1890,-0.3003
2.870,0.2596,-0.1682,-0.2000,-0.2199
2.880,0.2101,-0.2546,-0.2481,-0.2306
2.890,0.1684,-0.3142,-0.2550,-0.1890
2.900,0.1373,-0.3975,-0.2833,-0.1690
2.910,0.1209,-0.4933,-0.3110,-0.1021
2.920,0.1161,-0.5637,-0.3016,-0.0805
2.930,0.0770,-0.6105,-0.2840,-0.0644
2.940,0.0682,-0.6576,-0.3350,-0.0665
2.950,0.0624,-0.7334,-0.3017,-0.0078
2.960,0.0356,-0.7071,-0.3098,-0.0292
2.970,-0.0015,-0.7062,-0.3554,-0.0196
2.980,0.0165,-0.6605,-0.3698,0.0390
2.990,-0.0215,-0.6449,-0.3473,0.0047
3.000,0.0084,-0.5803,-0.3748,-0.0068
3.010,-0.0201,-0.5047,-0.3611,0.0139
3.020,-0.0017,-0.4461,-0.3288,0.0023
3.030,-0.0063,-0.4391,-0.3454,-0.0666
3.040,-0.0260,-0.4184,-0.3236,-0.0404
3.050,-0.0713,-0.4185,-0.3281,-0.0864
3.060,-0.0561,-0.4327,-0.3080,-0.1386
3.070,-0.1208,-0.4237,-0.3210,-0.1483
3.080,-0.1275,-0.5090,-0.2872,-0.1805
3.090,-0.1043,-0.5246,-0.2672,-0.1948
3.100,-0.1298,-0.5827,-0.2514,-0.2292
3.110,-0.1480,-0.6335,-0.1878,-0.2721
3.120,-0.2005,-0.7168,-0.2241,-0.3335
3.130,-0.2874,-0.7422,-0.1620,-0.3879
3.140,-0.2818,-0.7755,-0.1658,-0.3959
3.150,-0.3281,-0.7407,-0.0975,-0.4313
3.160,-0.3904,-0.6972,-0.1188,-0.4968
3.170,-0.4132,-0.6592,-0.1034,-0.5247
3.180,-0.4431,-0.6044,-0.0590,-0.5483
3.190,-0.5065,-0.5248,-0.0213,-0.6279
3.200,-0.5208,-0.4641,-0.0090,-0.6427
3.210,-0.5680,-0.4152,0.0585,-0.6747
3.220,-0.6076,-0.2871,0.0627,-0.6577
3.230,-0.5917,-0.2503,0.0561,-0.6707
3.240,-0.6299,-0.1995,0.0773,-0.6736
3.250,-0.6542,-0.1870,0.1432,-0.7333
3.260,-0.6911,-0.1672,0.1390,-0.7225
3.270,-0.7053,-0.1332,0.1810,-0.6898
3.280,-0.6790,-0.1732,0.1991,-0.6835
3.290,-0.6709,-0.1765,0.2463,-0.6613
3.300,-0.6848,-0.2644,0.2562,-0.6606
3.310,-0.7032,-0.2729,0.2487,-0.6359
3.320,-0.6835,-0.3194,0.2786,-0.6312
3.330,-0.7139,-0.2968,0.2832,-0.6059
3.340,-0.7039,-0.2980,0.3034,-0.5847
3.350,-0.6987,-0.2873,0.3238,-0.5519
3.360,-0.6659,-0.2604,0.3806,-0.5162
3.370,-0.6863,-0.1815,0.3165,-0.4464
3.380,-0.6307,-0.1187,0.3445,-0.4384
3.390,-0.6651,0.0036,0.3636,-0.4116
3.400,-0.6348,0.0900,0.3581,-0.3729
3.410,-0.6677,0.1425,0.3583,-0.3336
3.420,-0.7198,0.2624,0.3515,-0.2753
3.430,-0.6866,0.3212,0.3667,-0.2611
3.440,-0.6896,0.4390,0.3357,-0.2405
3.450,-0.6746,0.3969,0.3111,-0.2508
3.460,-0.7146,0.4436,0.3377,-0.2313
3.470,-0.7227,0.4539,0.3101,-0.1898
3.480,-0.7481,0.4197,0.3122,-0.2026
3.490,-0.7844,0.3582,0.2977,-0.1653
3.500,-0.8020,0.3517,0.2380,-0.1584
3.510,-0.8277,0.3107,0.2740,-0.1949
3.520,-0.8113,0.2782,0.2334,-0.1776
3.530,-0.8750,0.2656,0.2138,-0.1814
3.540,-0.8665,0.2392,0.1986,-0.2210
3.550,-0.8945,0.2530,0.1942,-0.2434
3.560,-0.8937,0.2999,0.1084,-0.3095
3.570,-0.8777,0.3354,0.1256,-0.3139
3.580,-0.8777,0.3646,0.1008,-0.3602
3.590,-0.8704,0.4688,0.0359,-0.3726
3.600,-0.8402,0.5702,0.0152,-0.3916
3.610,-0.8651,0.5867,0.0512,-0.4227
3.620,-0.8370,0.6848,0.0060,-0.4709
3.630,-0.7530,0.7466,-0.0928,-0.5190
3.640,-0.7868,0.7670,-0.0584,-0.5645
3.650,-0.7654,0.8150,-0.0722,-0.6022
3.660,-0.7000,0.7968,-0.0838,-0.6456
3.670,-0.6667,0.7465,-0.1104,-0.6621
3.680,-0.6960,0.7175,-0.1927,-0.6936
3.690,-0.6203,0.6538,-0.2094,-0.7396
3.700,-0.6053,0.5943,-0.1755,-0.7275
3.710,-0.5687,0.5607,-0.2491,-0.7486
3.720,-0.5355,0.4805,-0.2281,-0.7922
3.730,-0.4911,0.4261,-0.2104,-0.7965
3.740,-0.4596,0.4041,-0.2985,-0.7704
3.750,-0.4869,0.3286,-0.2726,-0.7786
3.760,-0.4484,0.3681,-0.2711,-0.7834
3.770,-0.4492,0.4053,-0.3390,-0.8016
3.780,-0.4465,0.3785,-0.3472,-0.7541
3.790,-0.4394,0.4534,-0.3546,-0.7449
3.800,-0.4114,0.5209,-0.3393,-0.7651
3.810,-0.4266,0.5732,-0.3422,-0.7018
3.820,-0.4670,0.6167,-0.3529,-0.6458
3.830,-0.4112,0.6205,-0.3298,-0.6757
3.840,-0.3805,0.6153,-0.3153,-0.6087
3.850,-0.3842,0.6024,-0.3414,-0.5828
3.860,-0.4295,0.5738,-0.3126,-0.5768
3.870,-0.3559,0.5207,-0.3172,-0.5361
3.880,-0.3619,0.4741,-0.2915,-0.4474
3.890,-0.3336,0.3883,-0.3274,-0.4096
3.900,-0.3684,0.2877,-0.2752,-0.3896
3.910,-0.2905,0.2080,-0.3091,-0.3677
3.920,-0.2953,0.1180,-0.2309,-0.3328
3.930,-0.3001,0.0623,-0.2644,-0.2620
3.940,-0.2350,-0.0320,-0.2009,-0.2197
3.950,-0.2461,-0.0245,-0.1925,-0.2381
3.960,-0.1619,-0.0522,-0.1947,-0.1916
3.970,-0.1559,-0.0241,-0.1279,-0.2258
3.980,-0.0872,-0.0205,-0.1450,-0.1919
3.990,-0.0519,0.0002,-0.1233,-0.1800
4.000,0.0108,0.0043,-0.1038,-0.2024
4.010,0.0135,0.0165,-0.0958,-0.1905
4.020,0.0930,0.0669,-0.0525,-0.2013
4.030,0.1090,0.0523,-0.0351,-0.1761
4.040,0.1406,0.0791,0.0029,-0.1557
4.050,0.1701,0.0629,0.0342,-0.2376
4.060,0.2467,0.0232,0.0448,-0.2353
4.070,0.2792,-0.0108,0.0788,-0.2395
4.080,0.2948,-0.1489,0.1259,-0.2985
4.090,0.3048,-0.1741,0.1297,-0.3070
4.100,0.3407,-0.2666,0.1756,-0.3502
4.110,0.3380,-0.3513,0.1843,-0.3534
4.120,0.3811,-0.4359,0.1895,-0.4362
4.130,0.3834,-0.5432,0.2011,-0.4651
4.140,0.3872,-0.5679,0.2652,-0.5054
4.150,0.4077,-0.6074,0.2560,-0.5257
4.160,0.3566,-0.6151,0.2627,-0.5814
4.170,0.3632,-0.6176,0.2518,-0.5753
4.180,0.3990,-0.6177,0.2882,-0.6049
4.190,0.3952,-0.5523,0.3049,-0.6468
4.200,0.3775,-0.5029,0.3099,-0.6058
4.210,0.4132,-0.4652,0.3478,-0.6848
4.220,0.4306,-0.4324,0.3642,-0.7068
4.230,0.4436,-0.3612,0.3302,-0.7023
4.240,0.4611,-0.3536,0.3157,-0.7022
4.250,0.4468,-0.3829,0.3239,-0.6802
4.260,0.5169,-0.3346,0.3332,-0.7152
4.270,0.4877,-0.3905,0.2991,-0.6939
4.280,0.5207,-0.4380,0.3033,-0.6500
4.290,0.5855,-0.5367,0.3247,-0.6829
4.300,0.5867,-0.6025,0.2539,-0.6197
4.310,0.6262,-0.6955,0.2656,-0.6149
4.320,0.6400,-0.7235,0.2613,-0.5885
4.330,0.6884,-0.7697,0.2635,-0.5383
4.340,0.7227,-0.7887,0.2664,-0.4944
4.350,0.7615,-0.7660,0.2022,-0.4387
4.360,0.8077,-0.7946,0.2116,-0.4235
4.370,0.8068,-0.7289,0.1786,-0.3484
4.380,0.8037,-0.6889,0.1911,-0.2934
4.390,0.8301,-0.6044,0.1527,-0.3223
4.400,0.8368,-0.5706,0.1151,-0.2579
4.410,0.8680,-0.4460,0.1098,-0.1569
4.420,0.8698,-0.3855,0.0852,-0.1421
4.430,0.8700,-0.3243,0.0847,-0.1515
4.440,0.8748,-0.2857,0.0183,-0.1223
4.450,0.9077,-0.2723,0.0365,-0.0862
4.460,0.8580,-0.2420,-0.0276,-0.0689
4.470,0.8356,-0.2603,-0.0618,-0.0282
4.480,0.7901,-0.2995,-0.0769,-0.0236
4.490,0.7985,-0.3391,-0.0962,0.0284
4.500,0.7720,-0.3650,-0.1018,0.0128
4.510,0.7790,-0.4057,-0.1441,0.0068
4.520,0.7179,-0.4414,-0.2056,0.0328
4.530,0.7593,-0.4608,-0.1717,0.0495
4.540,0.7128,-0.4206,-0.2007,-0.0150
4.550,0.6871,-0.4399,-0.2349,-0.0715
4.560,0.7060,-0.3972,-0.2354,-0.0523
4.570,0.7438,-0.3669,-0.2795,-0.0519
4.580,0.7222,-0.2802,-0.2390,-0.1094
4.590,0.6949,-0.1737,-0.2442,-0.0830
4.600,0.6528,-0.0249,-0.3228,-0.1544
4.610,0.7012,-0.0066,-0.3230,-0.1765
4.620,0.6758,0.1017,-0.3331,-0.2070
4.630,0.6832,0.1985,-0.3179,-0.2681
4.640,0.6763,0.2145,-0.3024,-0.3083
4.650,0.6931,0.2455,-0.3059,-0.2902
4.660,0.6929,0.2969,-0.3387,-0.3214
4.670,0.6939,0.3027,-0.3295,-0.4118
4.680,0.6901,0.3035,-0.2985,-0.3848
4.690,0.7017,0.2396,-0.3100,-0.3970
4.700,0.6864,0.2262,-0.2911,-0.4459
4.710,0.7013,0.1883,-0.2927,-0.4495
4.720,0.6903,0.1413,-0.2891,-0.4427
4.730,0.6927,0.1057,-0.3066,-0.4442
4.740,0.6570,0.1350,-0.2784,-0.4702
4.750,0.6662,0.1793,-0.2502,-0.4604
4.760,0.6164,0.1900,-0.2167,-0.4340
4.770,0.6453,0.2410,-0.2475,-0.4340
4.780,0.6049,0.3124,-0.2121,-0.4167
4.790,0.5705,0.4003,-0.1618,-0.3804
4.800,0.5369,0.4363,-0.1826,-0.3689
4.810,0.5131,0.5455,-0.1271,-0.3670
4.820,0.4243,0.6335,-0.1160,-0.3296
4.830,0.4312,0.6771,-0.0327,-0.2418
4.840,0.3798,0.7125,-0.0629,-0.2296
4.850,0.3035,0.7578,-0.0375,-0.2415
4.860,0.2797,0.7254,0.0013,-0.1446
4.870,0.2837,0.6929,-0.0150,-0.0788
4.880,0.2043,0.6690,0.0208,-0.0715
4.890,0.1941,0.6651,0.0241,-0.0185
4.900,0.1524,0.5894,0.0967,0.0324
4.910,0.1124,0.5090,0.0673,0.0639
4.920,0.0994,0.4978,0.1194,0.1570
4.930,0.0761,0.4277,0.1570,0.1279
4.940,0.0636,0.3685,0.1844,0.1824
4.950,0.0485,0.4024,0.1660,0.1933
4.960,0.0631,0.4167,0.1990,0.2462
4.970,0.0299,0.4706,0.2514,0.2683
4.980,0.0044,0.5062,0.2440,0.2606
4.990,-0.0180,0.5023,0.2543,0.3067
5.000,0.0183,0.5962,0.2786,0.3166
5.010,0.0388,0.6436,0.3201,0.2737
5.020,-0.0283,0.6550,0.2452,0.3046
5.030,0.0061,0.6912,0.3118,0.2807
5.040,-0.0416,0.7222,0.2913,0.3115
5.050,-0.0826,0.7175,0.3109,0.3039
5.060,-0.0442,0.6432,0.2760,0.2363
5.070,-0.0877,0.6350,0.3269,0.2486
5.080,-0.1265,0.5396,0.3313,0.2037
5.090,-0.1260,0.4870,0.3210,0.2139
5.100,-0.1846,0.3924,0.3336,0.1867
5.110,-0.1875,0.3076,0.2752,0.1303
5.120,-0.2424,0.2974,0.3547,0.0985
5.130,-0.2443,0.1832,0.3217,0.0624
5.140,-0.2912,0.1593,0.3007,0.0739
5.150,-0.3650,0.0854,0.2577,0.0178
5.160,-0.3827,0.0917,0.2385,-0.0298
5.170,-0.3676,0.1136,0.2089,-0.0475
5.180,-0.4370,0.0873,0.2076,-0.0659
5.190,-0.4902,0.1356,0.2085,-0.0538
5.200,-0.5473,0.1475,0.2027,-0.1037
5.210,-0.5908,0.2159,0.1429,-0.1323
5.220,-0.6005,0.2019,0.1734,-0.1894
5.230,-0.6366,0.2124,0.1461,-0.1171
5.240,-0.6304,0.2567,0.0612,-0.1458
5.250,-0.6933,0.2010,0.0872,-0.1436
5.260,-0.6539,0.1290,0.0417,-0.1668
5.270,-0.7258,0.1302,0.0379,-0.0930
5.280,-0.6771,0.0372,-0.0095,-0.0868
5.290,-0.7189,-0.0737,-0.0376,-0.0822
5.300,-0.6807,-0.1399,-0.0144,-0.0568
5.310,-0.7128,-0.1775,-0.0265,-0.0249
5.320,-0.7170,-0.3485,-0.0786,-0.0007
5.330,-0.6855,-0.3823,-0.1010,0.0635
5.340,-0.6822,-0.4593,-0.1477,0.0911
5.350,-0.7033,-0.4672,-0.1398,0.1193
5.360,-0.6913,-0.5336,-0.1974,0.1298
5.370,-0.6699,-0.5040,-0.2132,0.2228
5.380,-0.6642,-0.4746,-0.2024,0.2694
5.390,-0.6971,-0.4294,-0.2672,0.2757
5.400,-0.6455,-0.3907,-0.2339,0.3372
5.410,-0.6408,-0.3953,-0.2681,0.3750
5.420,-0.6344,-0.3088,-0.2545,0.3973
5.430,-0.6389,-0.2952,-0.3071,0.4954
5.440,-0.7239,-0.3120,-0.3017,0.4617
5.450,-0.6987,-0.2965,-0.3031,0.5485
5.460,-0.7579,-0.3003,-0.3285,0.5653
5.470,-0.7048,-0.3246,-0.3206,0.5341
5.480,-0.7551,-0.4292,-0.3551,0.5889
5.490,-0.7993,-0.4669,-0.3018,0.5808
5.500,-0.7993,-0.5728,-0.3296,0.6559
5.510,-0.8371,-0.6377,-0.2982,0.5889
5.520,-0.8478,-0.7286,-0.2900,0.6088
5.530,-0.8406,-0.7825,-0.2977,0.5936
5.540,-0.8689,-0.8129,-0.3012,0.5593
5.550,-0.8695,-0.7970,-0.2974,0.5791
5.560,-0.8776,-0.7794,-0.2711,0.5624
5.570,-0.8969,-0.7685,-0.2484,0.5226
5.580,-0.8522,-0.7010,-0.2615,0.5114
5.590,-0.8726,-0.6381,-0.2000,0.4872
5.600,-0.8102,-0.6219,-0.2311,0.4297
5.610,-0.8483,-0.5157,-0.2093,0.4252
5.620,-0.8012,-0.4517,-0.2029,0.3811
5.630,-0.7845,-0.3997,-0.1617,0.3649
5.640,-0.7830,-0.3753,-0.1277,0.3146
5.650,-0.7267,-0.3521,-0.1453,0.2470
5.660,-0.7222,-0.3273,-0.0805,0.2047
5.670,-0.6716,-0.3588,-0.0940,0.2560
5.680,-0.6453,-0.3689,0.0018,0.1743
5.690,-0.6270,-0.3944,-0.0518,0.1640
5.700,-0.5875,-0.4483,0.0064,0.1243
5.710,-0.5398,-0.4931,0.0013,0.1126
5.720,-0.5425,-0.5681,0.0674,0.1077
5.730,-0.5127,-0.5885,0.0618,0.1361
5.740,-0.4700,-0.6057,0.0730,0.1159
5.750,-0.4756,-0.5706,0.0982,0.0779
5.760,-0.4475,-0.5327,0.1602,0.1092
5.770,-0.4554,-0.4574,0.1854,0.1065
5.780,-0.4596,-0.4104,0.1517,0.1692
5.790,-0.4452,-0.3247,0.2273,0.1733
5.800,-0.4217,-0.2444,0.2123,0.1747
5.810,-0.3772,-0.1419,0.2057,0.2265
5.820,-0.3831,-0.0589,0.2636,0.2386
5.830,-0.4251,0.0174,0.2393,0.2585
5.840,-0.4167,0.0835,0.2785,0.2810
5.850,-0.4125,0.1163,0.2950,0.3469
5.860,-0.4329,0.1623,0.3305,0.4166
5.870,-0.3706,0.1517,0.2896,0.4290
5.880,-0.3942,0.1266,0.2800,0.4775
5.890,-0.3657,0.1139,0.3164,0.4967
5.900,-0.3255,0.0433,0.3099,0.5344
5.910,-0.3075,0.0333,0.3212,0.5933
5.920,-0.3457,-0.0098,0.3169,0.6386
5.930,-0.2599,0.0200,0.3072,0.6534
5.940,-0.2504,-0.0144,0.2902,0.6704
5.950,-0.2099,-0.0001,0.3009,0.6712
5.960,-0.1602,0.0542,0.3011,0.7208
5.970,-0.1390,0.1260,0.2792,0.7880
5.980,-0.1152,0.1723,0.2483,0.7463
5.990,-0.0597,0.2493,0.2736,0.7483
6.000,0.0122,0.3169,0.2354,0.8019
6.010,0.0531,0.4372,0.2403,0.7866
6.020,0.0996,0.5389,0.1899,0.7684
6.030,0.1416,0.5923,0.2035,0.7861
6.040,0.1587,0.5999,0.1985,0.7456
6.050,0.1951,0.6576,0.1441,0.7471
6.060,0.2582,0.6723,0.1424,0.7052
6.070,0.2919,0.6081,0.0863,0.6777
6.080,0.2905,0.6086,0.0996,0.6298
6.090,0.3268,0.5896,0.0654,0.6011
6.100,0.3385,0.5638,0.0518,0.6031
6.110,0.3570,0.4559,0.0081,0.5455
6.120,0.3976,0.4681,0.0023,0.4950
6.130,0.3840,0.4056,-0.0346,0.4508
6.140,0.3981,0.3901,-0.0370,0.4098
6.150,0.3716,0.4606,-0.0938,0.4091
6.160,0.4067,0.3832,-0.0642,0.3678
6.170,0.4039,0.4714,-0.1366,0.3270
6.180,0.3969,0.4542,-0.1366,0.3163
6.190,0.4108,0.5513,-0.1453,0.2867
6.200,0.4066,0.6237,-0.1961,0.2842
6.210,0.4136,0.6742,-0.1641,0.1912
6.220,0.4217,0.7028,-0.1838,0.2126
6.230,0.4907,0.7193,-0.2271,0.2015
6.240,0.4595,0.7603,-0.2578,0.1659
6.250,0.4678,0.7432,-0.2883,0.2017
6.260,0.4825,0.7743,-0.3010,0.2107
6.270,0.5136,0.7083,-0.3003,0.2077
6.280,0.5497,0.6501,-0.2759,0.2152
6.290,0.5937,0.5886,-0.3033,0.2043
6.300,0.5599,0.5187,-0.3096,0.2619
6.310,0.6054,0.4298,-0.3211,0.2858
6.320,0.6462,0.3967,-0.3241,0.3292
6.330,0.6612,0.2870,-0.3272,0.3619
6.340,0.7223,0.2506,-0.3039,0.3474
6.350,0.7718,0.2447,-0.3058,0.4036
6.360,0.7850,0.2010,-0.3038,0.4292
6.370,0.7910,0.2001,-0.2783,0.4689
6.380,0.8123,0.2172,-0.3143,0.5434
6.390,0.8505,0.2778,-0.2847,0.5776
6.400,0.8589,0.3255,-0.2626,0.5830
6.410,0.8569,0.3332,-0.2446,0.6475
6.420,0.9055,0.3620,-0.2101,0.5950
6.430,0.8682,0.3815,-0.2007,0.6870
6.440,0.8752,0.3673,-0.2173,0.7425
6.450,0.8935,0.3836,-0.1828,0.7163
6.460,0.8732,0.3179,-0.1662,0.7451
6.470,0.8374,0.2429,-0.1482,0.7322
6.480,0.8472,0.2030,-0.1377,0.7333
6.490,0.8262,0.1052,-0.1002,0.7484
6.500,0.7616,0.0427,-0.0826,0.7856
6.510,0.7795,-0.0752,-0.0811,0.7623
6.520,0.7345,-0.1911,-0.0467,0.7259
6.530,0.7336,-0.2577,-0.0331,0.7456
6.540,0.7250,-0.3184,0.0541,0.7444
6.550,0.7317,-0.3475,0.0548,0.7229
6.560,0.6750,-0.3740,0.1181,0.6730
6.570,0.6936,-0.3649,0.0990,0.6315
6.580,0.6550,-0.3219,0.1084,0.5688
6.590,0.6695,-0.3200,0.1401,0.5892
6.600,0.6726,-0.2798,0.1524,0.5221
6.610,0.6488,-0.2631,0.1396,0.5217
6.620,0.6883,-0.2035,0.1733,0.4550
6.630,0.6617,-0.1739,0.2137,0.4600
6.640,0.6563,-0.1960,0.1946,0.3566
6.650,0.6788,-0.2112,0.2249,0.3148
6.660,0.6924,-0.2417,0.2675,0.3184
6.670,0.6686,-0.2772,0.2499,0.3019
6.680,0.6997,-0.3590,0.2648,0.2075
6.690,0.7297,-0.3807,0.2479,0.2018
6.700,0.7038,-0.5139,0.3148,0.2044
6.710,0.7001,-0.5382,0.2974,0.1510
6.720,0.7064,-0.6649,0.3304,0.1487
6.730,0.6860,-0.7112,0.2861,0.1264
6.740,0.6555,-0.7477,0.2951,0.1219
6.750,0.6865,-0.7522,0.3024,0.0903
6.760,0.6399,-0.7675,0.3123,0.0918
6.770,0.6027,-0.7428,0.3257,0.1439
6.780,0.6102,-0.7279,0.3210,0.0973
6.790,0.5478,-0.6484,0.2578,0.1424
6.800,0.5279,-0.5902,0.2600,0.1595
6.810,0.5025,-0.5452,0.2848,0.1093
6.820,0.4608,-0.4844,0.2379,0.1894
6.830,0.4235,-0.4513,0.2379,0.2114
6.840,0.3807,-0.3806,0.2162,0.2674
6.850,0.3062,-0.3849,0.1750,0.2732
6.860,0.3069,-0.3543,0.1931,0.2890
6.870,0.2745,-0.4149,0.1757,0.3553
6.880,0.2393,-0.4857,0.1554,0.3698
6.890,0.1620,-0.5289,0.1328,0.3938
6.900,0.1376,-0.5492,0.1062,0.4353
6.910,0.1555,-0.5957,0.1293,0.4903
6.920,0.1185,-0.6510,0.0637,0.4754
6.930,0.0860,-0.6662,0.0560,0.5256
6.940,0.0628,-0.6833,0.0050,0.5334
6.950,0.0586,-0.6710,0.0004,0.5788
6.960,0.0416,-0.6679,-0.0228,0.5593
6.970,0.0206,-0.5816,-0.0337,0.6211
6.980,0.0034,-0.5294,-0.0548,0.6138
6.990,-0.0142,-0.4313,-0.0750,0.5936
7.000,-0.0056,-0.3449,-0.1013,0.6019
7.010,-0.0210,-0.3076,-0.1325,0.5810
7.020,-0.0043,-0.2072,-0.1380,0.5824
7.030,-0.0365,-0.1026,-0.1768,0.5434
7.040,-0.0268,-0.0664,-0.2063,0.5485
7.050,-0.0444,-0.0439,-0.2404,0.5191
7.060,-0.0574,-0.0080,-0.1938,0.4315
7.070,-0.0523,0.0172,-0.2557,0.4687
7.080,-0.1154,-0.0461,-0.2514,0.4491
7.090,-0.1167,-0.0506,-0.2436,0.3616
7.100,-0.1222,-0.0522,-0.2632,0.3178
7.110,-0.1619,-0.1096,-0.2678,0.3143
7.120,-0.2087,-0.1592,-0.2581,0.2542
7.130,-0.2475,-0.1429,-0.2873,0.2203
7.140,-0.2885,-0.1570,-0.3085,0.1521
7.150,-0.3381,-0.1134,-0.3065,0.1180
7.160,-0.3749,-0.0829,-0.2874,0.1189
7.170,-0.4414,-0.0401,-0.2878,0.0070
7.180,-0.4187,0.0357,-0.3123,0.0239
7.190,-0.5362,0.1269,-0.3117,-0.0291
7.200,-0.5215,0.2288,-0.2775,-0.0169
7.210,-0.5620,0.2958,-0.2534,-0.0860
7.220,-0.5860,0.3070,-0.2595,-0.1081
7.230,-0.6307,0.4435,-0.2396,-0.1650
7.240,-0.5829,0.5340,-0.2380,-0.0992
7.250,-0.6602,0.5279,-0.2111,-0.1782
7.260,-0.6694,0.5841,-0.2059,-0.1781
7.270,-0.6890,0.5526,-0.2152,-0.1943
7.280,-0.7246,0.5230,-0.1605,-0.0874
7.290,-0.6879,0.4828,-0.1730,-0.1108
7.300,-0.6937,0.4647,-0.1405,-0.0944
7.310,-0.6595,0.4142,-0.1220,-0.0904
7.320,-0.7096,0.3322,-0.0945,-0.0938
7.330,-0.6685,0.3519,-0.0530,-0.0719
7.340,-0.6659,0.3025,-0.0424,-0.0326
7.350,-0.6632,0.3321,-0.0253,0.0110
7.360,-0.6680,0.3704,0.0171,0.0201
7.370,-0.6424,0.3940,0.0300,0.1093
7.380,-0.6827,0.4120,0.0316,0.0801
7.390,-0.6756,0.5125,0.0399,0.1537
7.400,-0.6432,0.6109,0.1187,0.1400
7.410,-0.7190,0.6953,0.0990,0.1830
7.420,-0.7111,0.6874,0.1287,0.2081
7.430,-0.7269,0.7422,0.1561,0.2607
7.440,-0.6911,0.8469,0.1752,0.2926
7.450,-0.6826,0.8159,0.1465,0.2421
7.460,-0.7401,0.7924,0.1909,0.2955
7.470,-0.7433,0.7647,0.2271,0.2979
7.480,-0.7674,0.6532,0.2401,0.2877
7.490,-0.7990,0.6605,0.2550,0.3175
7.500,-0.7809,0.5513,0.2448,0.2890
7.510,-0.7837,0.5190,0.2557,0.3082
7.520,-0.8277,0.4326,0.2797,0.2950
7.530,-0.8529,0.3532,0.2857,0.2548
7.540,-0.8851,0.3207,0.2802,0.2383
7.550,-0.8598,0.3068,0.2992,0.2038
7.560,-0.8654,0.3125,0.3049,0.2098
7.570,-0.8832,0.2833,0.2937,0.1635
7.580,-0.8742,0.3469,0.2608,0.0939
7.590,-0.8567,0.3918,0.2785,0.0786
7.600,-0.8702,0.3938,0.2916,0.0344
7.610,-0.8324,0.4711,0.3188,0.0063
7.620,-0.8281,0.5078,0.2493,-0.0543
7.630,-0.7769,0.5227,0.2870,-0.0620
7.640,-0.7869,0.5284,0.2589,-0.1214
7.650,-0.7414,0.5121,0.2805,-0.1738
7.660,-0.7178,0.4527,0.2231,-0.2068
7.670,-0.6561,0.3995,0.1868,-0.2794
7.680,-0.6419,0.3134,0.1687,-0.3123
7.690,-0.6599,0.2546,0.1835,-0.3357
7.700,-0.5625,0.1393,0.1311,-0.3676
7.710,-0.5498,0.0377,0.1483,-0.4003
7.720,-0.5314,-0.0313,0.1896,-0.4207
7.730,-0.5034,-0.1028,0.0635,-0.4055
7.740,-0.5481,-0.1244,0.0692,-0.4733
7.750,-0.4679,-0.1476,0.0809,-0.4583
7.760,-0.4648,-0.1989,0.0455,-0.4438
7.770,-0.4753,-0.2030,0.0373,-0.4842
7.780,-0.4462,-0.2022,-0.0008,-0.4455
7.790,-0.4461,-0.1910,0.0291,-0.4579
7.800,-0.4200,-0.1445,-0.0407,-0.4026
7.810,-0.4185,-0.0912,-0.0740,-0.3931
7.820,-0.4081,-0.0847,-0.0801,-0.3759
7.830,-0.4248,-0.0846,-0.0586,-0.3521
7.840,-0.4052,-0.0515,-0.1209,-0.3799
7.850,-0.3909,-0.0840,-0.1324,-0.3211
7.860,-0.3932,-0.0948,-0.1613,-0.2834
7.870,-0.3742,-0.1794,-0.1549,-0.2465
7.880,-0.3643,-0.2545,-0.2182,-0.1966
7.890,-0.3534,-0.3072,-0.1943,-0.2085
7.900,-0.3399,-0.4446,-0.2133,-0.1699
7.910,-0.3131,-0.4735,-0.2479,-0.1191
7.920,-0.2743,-0.5976,-0.2362,-0.0887
7.930,-0.2524,-0.6613,-0.2596,-0.0439
7.940,-0.2132,-0.6904,-0.2743,-0.0071
7.950,-0.2344,-0.7029,-0.2728,-0.0217
7.960,-0.1874,-0.6888,-0.2645,0.0260
7.970,-0.1447,-0.7039,-0.2647,0.0368
7.980,-0.0872,-0.6938,-0.2938,0.0262
7.990,-0.0303,-0.5971,-0.2520,0.0002
8.000,-0.0181,-0.5920,-0.2924,0.0265
8.010,0.0784,-0.5108,-0.2875,-0.0040
8.020,0.1116,-0.4822,-0.2861,-0.0149
8.030,0.1283,-0.3926,-0.2964,0.0191
8.040,0.1556,-0.4213,-0.2847,-0.0380
8.050,0.2058,-0.3758,-0.2794,-0.1095
8.060,0.2330,-0.4040,-0.2823,-0.1070
8.070,0.2821,-0.4542,-0.2579,-0.1590
8.080,0.2959,-0.4717,-0.1737,-0.1490
8.090,0.2972,-0.5643,-0.2167,-0.1785
8.100,0.3555,-0.6015,-0.1791,-0.2220
8.110,0.3879,-0.6681,-0.1740,-0.3162
8.120,0.3554,-0.7206,-0.1705,-0.3612
8.130,0.3970,-0.7306,-0.1641,-0.3649
8.140,0.4194,-0.7415,-0.1393,-0.4220
8.150,0.3920,-0.7605,-0.1419,-0.4648
8.160,0.4228,-0.7401,-0.1258,-0.4983
8.170,0.4230,-0.7151,-0.0624,-0.5255
8.180,0.4145,-0.6095,-0.0327,-0.6000
8.190,0.4194,-0.5202,-0.0277,-0.5925
8.200,0.3912,-0.4416,-0.0139,-0.5950
8.210,0.4098,-0.3728,0.0095,-0.6146
8.220,0.3861,-0.3026,0.0002,-0.6962
8.230,0.4739,-0.2259,0.0228,-0.6877
8.240,0.4370,-0.1816,0.1210,-0.6853
8.250,0.4744,-0.1493,0.0826,-0.6905
8.260,0.5034,-0.1570,0.1114,-0.6768
8.270,0.5113,-0.1704,0.1349,-0.7115
8.280,0.5307,-0.1672,0.1567,-0.6608
8.290,0.5759,-0.1649,0.1451,-0.6794
8.300,0.6119,-0.2142,0.1818,-0.6800
8.310,0.6383,-0.2666,0.2235,-0.6411
8.320,0.6482,-0.2871,0.2079,-0.5860
8.330,0.6933,-0.2766,0.2267,-0.6035
8.340,0.7072,-0.3208,0.2621,-0.5486
8.350,0.7334,-0.2900,0.2660,-0.5459
8.360,0.7639,-0.2127,0.2520,-0.5077
8.370,0.8480,-0.2279,0.2502,-0.4270
8.380,0.8127,-0.1010,0.3216,-0.4424
8.390,0.8285,-0.0169,0.2815,-0.4040
8.400,0.8533,0.0402,0.2945,-0.3430
8.410,0.8642,0.1540,0.2967,-0.3381
8.420,0.8685,0.2425,0.3141,-0.2979
8.430,0.8753,0.3141,0.2743,-0.2882
8.440,0.8579,0.3919,0.2663,-0.2420
8.450,0.8615,0.3864,0.2625,-0.1942
8.460,0.8539,0.4176,0.2558,-0.2110
8.470,0.8546,0.4217,0.2535,-0.2003
8.480,0.8424,0.4186,0.2493,-0.1683
8.490,0.8164,0.4068,0.2427,-0.1462
8.500,0.7984,0.3512,0.2067,-0.1752
8.510,0.7972,0.3009,0.2359,-0.1793
8.520,0.7933,0.2547,0.1851,-0.1986
8.530,0.7631,0.2665,0.1725,-0.2112
8.540,0.7247,0.2610,0.1733,-0.2210
8.550,0.7003,0.2589,0.1408,-0.2365
8.560,0.6863,0.3204,0.1065,-0.2369
8.570,0.7117,0.3507,0.1367,-0.2849
8.580,0.6687,0.3821,0.0655,-0.3111
8.590,0.6394,0.4351,0.0888,-0.3419
8.600,0.6740,0.5577,0.0525,-0.4022
8.610,0.6357,0.6392,0.0247,-0.4636
8.620,0.6696,0.6711,-0.0079,-0.4811
8.630,0.6815,0.7303,-0.0500,-0.4997
8.640,0.6854,0.7426,-0.0399,-0.5337
8.650,0.6789,0.7915,-0.0842,-0.6238
8.660,0.6989,0.7815,-0.0808,-0.6292
8.670,0.6897,0.7619,-0.1106,-0.6409
8.680,0.6919,0.6879,-0.1257,-0.7154
8.690,0.6536,0.6399,-0.1559,-0.7332
8.700,0.6753,0.5948,-0.1405,-0.7251
8.710,0.7052,0.5537,-0.1903,-0.7799
8.720,0.7144,0.4541,-0.1905,-0.7791
8.730,0.6858,0.4171,-0.1890,-0.8222
8.740,0.6868,0.3854,-0.2400,-0.7968
8.750,0.6720,0.3720,-0.2323,-0.7717
8.760,0.6338,0.3817,-0.2827,-0.7885
8.770,0.5847,0.4033,-0.2667,-0.7871
8.780,0.5653,0.4230,-0.2485,-0.7662
8.790,0.5629,0.4643,-0.2484,-0.7475
8.800,0.5165,0.4995,-0.2896,-0.7424
8.810,0.4690,0.5133,-0.2836,-0.7122
8.820,0.4573,0.6162,-0.3067,-0.6996
8.830,0.3847,0.6248,-0.2829,-0.6678
8.840,0.3737,0.6141,-0.2997,-0.5929
8.850,0.3485,0.6132,-0.3069,-0.5930
8.860,0.3039,0.5883,-0.2511,-0.5269
8.870,0.2523,0.5239,-0.2749,-0.5214
8.880,0.2355,0.4564,-0.2909,-0.4652
8.890,0.1814,0.3748,-0.2873,-0.4127
8.900,0.1660,0.2737,-0.2343,-0.4201
8.910,0.0968,0.1661,-0.2098,-0.3446
8.920,0.0930,0.1239,-0.1770,-0.3430
8.930,0.0540,0.0555,-0.1867,-0.3020
8.940,0.0309,-0.0192,-0.1684,-0.2528
8.950,0.0108,-0.0670,-0.1853,-0.2421
8.960,0.0759,-0.0678,-0.1468,-0.2357
8.970,0.0734,-0.0753,-0.1400,-0.1990
8.980,-0.0131,-0.0327,-0.1108,-0.2055
8.990,-0.0055,-0.0611,-0.1021,-0.2253
9.000,-0.0090,-0.0014,-0.0826,-0.1872
9.010,-0.0232,0.0648,-0.0215,-0.1793
9.020,0.0095,0.0597,-0.0355,-0.1975
9.030,-0.0078,0.0924,-0.0343,-0.1872
9.040,-0.0422,0.0607,0.0120,-0.2426
9.050,-0.0529,0.0968,0.0422,-0.2449
9.060,-0.0484,0.0219,0.0477,-0.2556
9.070,-0.0776,-0.0488,0.0711,-0.2541
9.080,-0.0828,-0.1354,0.0851,-0.2647
9.090,-0.0881,-0.1854,0.1461,-0.3032
9.100,-0.1547,-0.3215,0.1314,-0.3854
9.110,-0.1806,-0.3347,0.1555,-0.4092
9.120,-0.2408,-0.4901,0.1295,-0.3955
9.130,-0.2369,-0.5224,0.1807,-0.4639
9.140,-0.2927,-0.5441,0.2067,-0.5370
9.150,-0.3111,-0.6431,0.2047,-0.5586
9.160,-0.3721,-0.6416,0.1980,-0.5838
9.170,-0.3972,-0.6124,0.2503,-0.5655
9.180,-0.4488,-0.5726,0.2276,-0.6217
9.190,-0.5152,-0.5356,0.2738,-0.6249
9.200,-0.5296,-0.4841,0.2599,-0.6761
9.210,-0.5532,-0.4415,0.3126,-0.6671
9.220,-0.6164,-0.4344,0.2467,-0.6927
9.230,-0.6440,-0.3566,0.2695,-0.6895
9.240,-0.6428,-0.3604,0.2556,-0.7065
9.250,-0.6742,-0.3700,0.2783,-0.6909
9.260,-0.6907,-0.3703,0.2803,-0.6656
9.270,-0.7593,-0.4356,0.2953,-0.7380
9.280,-0.6712,-0.4714,0.2241,-0.6576
9.290,-0.7261,-0.5516,0.2875,-0.6599
9.300,-0.7252,-0.5581,0.2687,-0.6347
9.310,-0.7200,-0.6657,0.2721,-0.6196
9.320,-0.7258,-0.6919,0.2240,-0.5663
9.330,-0.6844,-0.7680,0.1690,-0.5380
9.340,-0.6637,-0.7422,0.2017,-0.4971
9.350,-0.6546,-0.7790,0.1954,-0.4968
9.360,-0.6840,-0.7708,0.1435,-0.4237
9.370,-0.6363,-0.7444,0.1285,-0.4123
9.380,-0.6670,-0.6977,0.1223,-0.3279
9.390,-0.6594,-0.6165,0.1284,-0.3152
9.400,-0.6785,-0.5530,0.1014,-0.2298
9.410,-0.6836,-0.4871,0.1127,-0.2068
9.420,-0.7030,-0.4075,0.0382,-0.1950
9.430,-0.7106,-0.3572,0.0838,-0.1169
9.440,-0.6677,-0.2740,0.0194,-0.0968
9.450,-0.7072,-0.2890,-0.0218,-0.0580
9.460,-0.7496,-0.2540,-0.0061,-0.0359
9.470,-0.7355,-0.2898,-0.0289,-0.0328
9.480,-0.7812,-0.3281,-0.0510,-0.0444
9.490,-0.8150,-0.2864,-0.1039,-0.0097
9.500,-0.7986,-0.3581,-0.1197,-0.0081
9.510,-0.8022,-0.4023,-0.1187,-0.0344
9.520,-0.8467,-0.4099,-0.1510,-0.0121
9.530,-0.8425,-0.4331,-0.1471,-0.0108
9.540,-0.8472,-0.4140,-0.1469,-0.0416
9.550,-0.8125,-0.4553,-0.2103,-0.0191
9.560,-0.8782,-0.3836,-0.1740,-0.0253
9.570,-0.8955,-0.3323,-0.1934,-0.0449
9.580,-0.8522,-0.2440,-0.2115,-0.1013
9.590,-0.8938,-0.1667,-0.2455,-0.0937
9.600,-0.8734,-0.0912,-0.2545,-0.1288
9.610,-0.8253,0.0086,-0.2481,-0.1468
9.620,-0.8561,0.1089,-0.2389,-0.1867
9.630,-0.7819,0.1529,-0.2764,-0.2298
9.640,-0.7838,0.2230,-0.2993,-0.2986
9.650,-0.7368,0.2582,-0.2865,-0.3094
9.660,-0.7076,0.2816,-0.2683,-0.3332
9.670,-0.6873,0.2878,-0.2885,-0.3722
9.680,-0.6873,0.2498,-0.2919,-0.3949
9.690,-0.5965,0.2461,-0.2611,-0.4274
9.700,-0.5827,0.2469,-0.2603,-0.4433
9.710,-0.5825,0.1843,-0.2703,-0.4268
9.720,-0.5522,0.1175,-0.2334,-0.4771
9.730,-0.4950,0.1537,-0.2450,-0.4528
9.740,-0.4571,0.1212,-0.1900,-0.4647
9.750,-0.4844,0.1477,-0.2051,-0.4318
9.760,-0.4317,0.1871,-0.1829,-0.4425
9.770,-0.4202,0.2211,-0.2029,-0.4289
9.780,-0.3717,0.3141,-0.1796,-0.3875
9.790,-0.4547,0.3699,-0.1410,-0.4068
9.800,-0.4233,0.4534,-0.1423,-0.3827
9.810,-0.4288,0.5064,-0.1326,-0.3390
9.820,-0.3837,0.5979,-0.1187,-0.2713
9.830,-0.4238,0.6738,-0.0938,-0.2811
9.840,-0.3902,0.7248,-0.0299,-0.2142
9.850,-0.3910,0.7517,-0.0558,-0.1622
9.860,-0.3781,0.7518,-0.0030,-0.1733
9.870,-0.4041,0.7274,0.0082,-0.0887
9.880,-0.3694,0.6865,0.0508,-0.0493
9.890,-0.3437,0.6666,0.0710,-0.0063
9.900,-0.3278,0.5930,0.0870,0.0757
9.910,-0.3433,0.5162,0.1167,0.0750
9.920,-0.3074,0.4654,0.1227,0.1218
9.930,-0.2312,0.4356,0.1403,0.1804
9.940,-0.2691,0.3887,0.1454,0.1696
9.950,-0.2145,0.3861,0.1538,0.1932
9.960,-0.1943,0.4146,0.1752,0.2573
9.970,-0.1184,0.4400,0.2027,0.2418
9.980,-0.0970,0.4760,0.2202,0.2909
9.990,-0.0481,0.5159,0.2192,0.2682
10.000,0.0170,0.5886,0.2442,0.3199
10.010,0.0638,0.5877,0.2403,0.2753
10.020,0.0680,0.6674,0.2683,0.3098
10.030,0.1335,0.7376,0.2569,0.2788
10.040,0.1408,0.6990,0.2603,0.2572
10.050,0.2148,0.7173,0.2482,0.2762
10.060,0.2507,0.6722,0.2803,0.2420
10.070,0.2831,0.6679,0.2736,0.2097
10.080,0.3005,0.5773,0.2499,0.1857
10.090,0.3148,0.5172,0.2820,0.2082
10.100,0.3414,0.4562,0.2457,0.1642
10.110,0.3538,0.3627,0.2587,0.1045
10.120,0.3764,0.2315,0.2347,0.1125
10.130,0.3811,0.2026,0.2272,0.0884
10.140,0.3853,0.0929,0.2180,0.0033
10.150,0.3648,0.1067,0.2331,0.0128
10.160,0.3832,0.0903,0.1850,-0.0375
10.170,0.3978,0.0694,0.2038,-0.0552
10.180,0.4132,0.1033,0.2072,-0.0887
10.190,0.4201,0.1301,0.1781,-0.0978
10.200,0.3683,0.1958,0.1392,-0.1343
10.210,0.4110,0.1637,0.1758,-0.1449
10.220,0.4118,0.1995,0.1321,-0.1145
10.230,0.4415,0.2150,0.1317,-0.1424
10.240,0.4350,0.2274,0.0892,-0.1444
10.250,0.4657,0.2090,0.1046,-0.0888
10.260,0.4884,0.1502,0.0268,-0.1209
10.270,0.4746,0.1064,0.0359,-0.1205
10.280,0.5239,0.0726,0.0240,-0.1160
10.290,0.5749,-0.0534,-0.0222,-0.0928
10.300,0.6121,-0.1522,-0.0332,-0.0382
10.310,0.6252,-0.2271,-0.0648,0.0178
10.320,0.6670,-0.3637,-0.0448,-0.0213
10.330,0.6549,-0.4027,-0.0647,0.0353
10.340,0.7178,-0.4782,-0.0868,0.0741
10.350,0.7179,-0.4751,-0.1163,0.1219
10.360,0.7979,-0.4864,-0.1132,0.1612
10.370,0.8001,-0.4779,-0.1363,0.1987
10.380,0.8586,-0.4732,-0.1747,0.2575
10.390,0.8232,-0.4764,-0.1481,0.3129
10.400,0.8375,-0.4018,-0.1900,0.3238
10.410,0.8961,-0.3743,-0.1947,0.3615
10.420,0.8848,-0.2984,-0.2159,0.4028
10.430,0.8820,-0.2902,-0.2435,0.4405
10.440,0.9116,-0.2667,-0.2564,0.4549
10.450,0.8454,-0.3243,-0.2557,0.5091
10.460,0.8345,-0.3246,-0.3135,0.5389
10.470,0.8822,-0.3949,-0.3170,0.5607
10.480,0.8492,-0.4363,-0.2573,0.6000
10.490,0.8521,-0.4837,-0.2876,0.5898
10.500,0.7800,-0.5683,-0.2672,0.5825
10.510,0.8115,-0.6433,-0.2900,0.6042
10.520,0.7753,-0.7010,-0.2724,0.5859
10.530,0.7311,-0.7625,-0.2660,0.5834
10.540,0.6981,-0.7804,-0.2613,0.5943
10.550,0.7169,-0.7681,-0.2652,0.5896
10.560,0.6930,-0.7776,-0.2110,0.5614
10.570,0.6851,-0.7525,-0.2203,0.5341
10.580,0.6572,-0.7078,-0.1761,0.5339
10.590,0.6904,-0.6280,-0.1836,0.4865
10.600,0.7046,-0.5920,-0.2120,0.4316
10.610,0.6688,-0.5396,-0.1893,0.3932
10.620,0.6422,-0.4417,-0.1154,0.3837
10.630,0.6426,-0.4026,-0.1500,0.3425
10.640,0.6592,-0.3483,-0.1014,0.2975
10.650,0.6920,-0.3452,-0.0629,0.2337
10.660,0.6968,-0.3182,-0.0862,0.2310
10.670,0.6984,-0.3754,-0.0706,0.1917
10.680,0.6968,-0.4273,-0.0526,0.1971
10.690,0.6967,-0.4324,-0.0030,0.1941
10.700,0.6912,-0.4436,-0.0364,0.1256
10.710,0.7157,-0.5049,0.0206,0.1436
10.720,0.6968,-0.5299,0.0280,0.1017
10.730,0.6556,-0.5542,0.0397,0.1266
10.740,0.7016,-0.5778,0.0777,0.1071
10.750,0.6616,-0.5887,0.1234,0.0932
10.760,0.6565,-0.5193,0.1182,0.1149
10.770,0.6403,-0.4887,0.1496,0.1245
10.780,0.5952,-0.4091,0.1454,0.1479
10.790,0.5398,-0.3525,0.1565,0.1699
10.800,0.5230,-0.2013,0.2027,0.2075
10.810,0.5213,-0.1335,0.2018,0.1932
10.820,0.3998,-0.0463,0.1877,0.2335
10.830,0.3638,0.0369,0.2106,0.2594
10.840,0.3498,0.0606,0.2080,0.2879
10.850,0.3040,0.1122,0.2271,0.3626
10.860,0.2574,0.1276,0.2237,0.3917
10.870,0.2529,0.1552,0.2846,0.4253
10.880,0.2280,0.1091,0.2501,0.4663
10.890,0.2261,0.0757,0.2534,0.5063
10.900,0.1370,0.0738,0.2583,0.5475
10.910,0.1095,0.0495,0.2399,0.5753
10.920,0.1161,0.0367,0.2426,0.6308
10.930,0.0759,0.0147,0.2573,0.6853
10.940,0.0901,-0.0252,0.2447,0.6662
10.950,0.0426,-0.0234,0.2124,0.7280
10.960,0.0386,0.0657,0.2211,0.7090
10.970,0.0178,0.1340,0.2327,0.7520
10.980,0.0370,0.1848,0.2254,0.7706
10.990,0.0026,0.2904,0.2091,0.7568
11.000,0.0136,0.3647,0.1899,0.7900
11.010,0.0151,0.3647,0.1519,0.7831
11.020,-0.0320,0.5445,0.1789,0.7678
11.030,-0.0205,0.5697,0.1447,0.7624
11.040,-0.0118,0.5960,0.1465,0.7366
11.050,-0.0425,0.6418,0.1279,0.7056
11.060,-0.0598,0.6608,0.0744,0.7129
11.070,-0.1339,0.6479,0.0600,0.6836
11.080,-0.1059,0.6440,0.0674,0.6451
11.090,-0.1016,0.5778,0.0520,0.6462
11.100,-0.1389,0.5789,0.0427,0.5733
11.110,-0.1619,0.5084,0.0088,0.5593
11.120,-0.2191,0.4553,-0.0044,0.5096
11.130,-0.2202,0.4200,-0.0510,0.4797
11.140,-0.2984,0.3970,-0.0387,0.4463
11.150,-0.3663,0.3564,-0.0344,0.4028
11.160,-0.3461,0.4134,-0.0915,0.3353
11.170,-0.4033,0.4454,-0.0639,0.3327
11.180,-0.4520,0.4455,-0.1285,0.3118
11.190,-0.4993,0.5207,-0.1048,0.3119
11.200,-0.5504,0.6013,-0.1577,0.2860
11.210,-0.5585,0.6708,-0.1830,0.2630
11.220,-0.6004,0.7481,-0.1566,0.2077
11.230,-0.6115,0.7548,-0.1961,0.2243
11.240,-0.6464,0.7722,-0.2163,0.1874
11.250,-0.6642,0.7768,-0.1931,0.1729
11.260,-0.6792,0.7857,-0.2379,0.1815
11.270,-0.7116,0.7301,-0.2580,0.2097
11.280,-0.7142,0.6461,-0.2459,0.2132
11.290,-0.7124,0.5870,-0.2401,0.2274
11.300,-0.6966,0.5015,-0.2589,0.2571
11.310,-0.7386,0.4164,-0.2660,0.2594
11.320,-0.7050,0.3448,-0.2723,0.3272
11.330,-0.6532,0.3162,-0.2481,0.3592
11.340,-0.6822,0.2426,-0.2504,0.3624
11.350,-0.7260,0.2001,-0.2664,0.4130
11.360,-0.6853,0.1685,-0.2461,0.4448
11.370,-0.6551,0.2169,-0.1920,0.4581
11.380,-0.6404,0.2482,-0.2455,0.5096
11.390,-0.6800,0.2580,-0.2333,0.5396
11.400,-0.6658,0.2758,-0.1923,0.6014
11.410,-0.6829,0.3489,-0.2250,0.5820
11.420,-0.6688,0.3711,-0.2067,0.6599
11.430,-0.6447,0.4368,-0.1963,0.6850
11.440,-0.7199,0.4332,-0.1735,0.7217
11.450,-0.7074,0.3363,-0.1539,0.6999
11.460,-0.7380,0.3130,-0.1295,0.7001
11.470,-0.7442,0.3114,-0.1364,0.7665
11.480,-0.7701,0.1298,-0.1200,0.7562
11.490,-0.7639,0.0997,-0.0868,0.7885
11.500,-0.7974,0.0052,-0.0507,0.7480
11.510,-0.8225,-0.0584,-0.0883,0.7554
11.520,-0.8321,-0.1647,-0.0334,0.7707
11.530,-0.8678,-0.2239,-0.0038,0.7846
11.540,-0.8452,-0.2907,0.0397,0.7140
11.550,-0.8769,-0.3760,0.0477,0.7407
11.560,-0.8860,-0.3846,0.0715,0.6665
11.570,-0.8877,-0.3298,0.0603,0.6476
11.580,-0.8424,-0.3327,0.0642,0.6485
11.590,-0.9023,-0.2963,0.1128,0.5723
11.600,-0.8715,-0.3038,0.1546,0.5476
11.610,-0.8529,-0.2346,0.1603,0.5123
11.620,-0.8069,-0.1967,0.1529,0.4721
11.630,-0.8003,-0.2160,0.1410,0.4342
11.640,-0.7862,-0.1919,0.1750,0.4043
11.650,-0.7381,-0.1984,0.1868,0.3427
11.660,-0.7204,-0.2310,0.1696,0.3070
11.670,-0.6750,-0.2773,0.1928,0.2628
11.680,-0.6582,-0.3597,0.1992,0.2158
11.690,-0.6189,-0.4153,0.2343,0.1894
11.700,-0.5807,-0.5060,0.2279,0.1610
11.710,-0.5694,-0.5653,0.2393,0.1534
11.720,-0.5520,-0.5942,0.2014,0.0958
11.730,-0.5176,-0.7035,0.2846,0.1315
11.740,-0.4789,-0.7293,0.2520,0.0714
11.750,-0.4606,-0.7636,0.2930,0.0901
11.760,-0.4243,-0.7944,0.2784,0.1058
11.770,-0.4193,-0.7322,0.2580,0.1084
11.780,-0.4386,-0.7113,0.2244,0.1120
11.790,-0.4496,-0.6535,0.2532,0.1504
11.800,-0.3852,-0.5952,0.2232,0.1374
11.810,-0.3992,-0.5236,0.2244,0.1356
11.820,-0.3762,-0.4727,0.2276,0.1869
11.830,-0.4062,-0.3978,0.1754,0.1785
11.840,-0.3580,-0.4004,0.1760,0.2293
11.850,-0.4342,-0.3536,0.1855,0.2820
11.860,-0.3723,-0.4130,0.1664,0.3257
11.870,-0.4256,-0.4038,0.1572,0.3390
11.880,-0.3893,-0.4543,0.1172,0.3774
11.890,-0.3693,-0.4811,0.0995,0.3926
11.900,-0.3189,-0.5497,0.1033,0.4090
11.910,-0.2920,-0.6242,0.0770,0.4609
11.920,-0.3140,-0.6419,0.0817,0.5285
11.930,-0.2761,-0.6720,0.0010,0.5538
11.940,-0.2617,-0.6944,0.0221,0.5569
11.950,-0.1756,-0.6242,0.0164,0.5518
11.960,-0.1819,-0.6420,-0.0013,0.5958
11.970,-0.1165,-0.6273,-0.0472,0.6170
11.980,-0.0977,-0.5251,0.0003,0.5931
11.990,-0.0154,-0.4082,-0.0571,0.5879
12.000,-0.0456,-0.3767,-0.0770,0.6057
12.010,0.0673,-0.2952,-0.1030,0.5454
12.020,0.0694,-0.1813,-0.1671,0.5905
12.030,0.1655,-0.1502,-0.1443,0.5917
12.040,0.1787,-0.0582,-0.1519,0.5087
12.050,0.2033,-0.0030,-0.1664,0.5251
12.060,0.2332,-0.0278,-0.1898,0.4602
12.070,0.2441,-0.0105,-0.1978,0.4296
12.080,0.3127,-0.0439,-0.1957,0.4225
12.090,0.3557,-0.0447,-0.1982,0.3756
12.100,0.3142,-0.0665,-0.1889,0.3311
12.110,0.4005,-0.0970,-0.1898,0.2879
12.120,0.3539,-0.1400,-0.2503,0.2526
12.130,0.3766,-0.1519,-0.2422,0.1859
12.140,0.3782,-0.1281,-0.2449,0.1355
12.150,0.3538,-0.1397,-0.2399,0.0966
12.160,0.3622,-0.0824,-0.1820,0.0969
12.170,0.3810,-0.0379,-0.2474,0.0153
12.180,0.3757,0.0352,-0.2269,0.0095
12.190,0.3934,0.1329,-0.2286,-0.0485
12.200,0.3871,0.2259,-0.2112,-0.0505
12.210,0.4410,0.3320,-0.2581,-0.0751
12.220,0.4518,0.4084,-0.1913,-0.1184
12.230,0.4497,0.4721,-0.2229,-0.1204
12.240,0.4228,0.4939,-0.1943,-0.1161
12.250,0.4657,0.5764,-0.1599,-0.1651
12.260,0.4829,0.5501,-0.1609,-0.1348
12.270,0.4912,0.5735,-0.1905,-0.1245
12.280,0.4832,0.5295,-0.1640,-0.1289
12.290,0.5643,0.4547,-0.1617,-0.1442
12.300,0.6121,0.4895,-0.1053,-0.0899
12.310,0.6040,0.4223,-0.0999,-0.1220
12.320,0.6436,0.3689,-0.0763,-0.0692
12.330,0.6713,0.3377,-0.1059,-0.0446
12.340,0.7115,0.3345,-0.0391,-0.0378
12.350,0.7244,0.3272,-0.0387,0.0053
12.360,0.7599,0.3527,-0.0401,0.0231
12.370,0.7630,0.3879,0.0156,0.0659
12.380,0.8177,0.4506,0.0412,0.0704
12.390,0.8492,0.5048,0.0469,0.1221
12.400,0.8451,0.5940,0.0464,0.1311
12.410,0.8578,0.6298,0.0798,0.1720
12.420,0.8494,0.7217,0.1021,0.2072
12.430,0.8717,0.7793,0.1052,0.2403
12.440,0.8536,0.8014,0.1238,0.2667
12.450,0.8656,0.7842,0.1178,0.2700
12.460,0.8530,0.7613,0.1813,0.3085
12.470,0.8093,0.7124,0.1394,0.3009
12.480,0.8888,0.6820,0.1759,0.3298
12.490,0.8084,0.6655,0.2125,0.3033
12.500,0.8176,0.5919,0.1761,0.2965
12.510,0.7683,0.5024,0.1891,0.2714
12.520,0.7627,0.4348,0.2491,0.2822
12.530,0.7715,0.4045,0.2508,0.1894
12.540,0.7098,0.3453,0.2070,0.2272
12.550,0.7226,0.3120,0.2306,0.2460
12.560,0.6869,0.3267,0.2393,0.1830
12.570,0.6767,0.2984,0.2373,0.1200
12.580,0.6873,0.3428,0.2329,0.1265
12.590,0.6482,0.3369,0.2488,0.0438
12.600,0.6378,0.4201,0.2569,0.0145
12.610,0.6472,0.4866,0.2053,0.0043
12.620,0.6754,0.4745,0.2254,-0.0735
12.630,0.6571,0.5061,0.2073,-0.1331
12.640,0.6899,0.5004,0.2294,-0.1468
12.650,0.7382,0.5076,0.1774,-0.2138
12.660,0.6706,0.4515,0.1609,-0.2501
12.670,0.6952,0.3732,0.1806,-0.2621
12.680,0.6802,0.3444,0.1719,-0.2815
12.690,0.7175,0.2439,0.1536,-0.3277
12.700,0.7135,0.1236,0.1610,-0.3783
12.710,0.7277,0.0699,0.1144,-0.3933
12.720,0.7297,-0.0340,0.0775,-0.4205
12.730,0.7183,-0.0614,0.1159,-0.4755
12.740,0.6767,-0.1611,0.0748,-0.4681
12.750,0.6602,-0.2152,0.1074,-0.4533
12.760,0.6355,-0.2367,0.0624,-0.4464
12.770,0.6453,-0.2066,0.0160,-0.4715
12.780,0.5791,-0.2074,0.0210,-0.4623
12.790,0.5689,-0.1582,-0.0199,-0.4215
12.800,0.5374,-0.1333,-0.0293,-0.4233
12.810,0.4750,-0.1251,-0.0416,-0.3907
12.820,0.4489,-0.0712,-0.0688,-0.4026
12.830,0.4138,-0.0575,-0.0951,-0.3741
12.840,0.3630,-0.0607,-0.1275,-0.3294
12.850,0.3375,-0.0775,-0.1254,-0.3000
12.860,0.2704,-0.1329,-0.1136,-0.3013
12.870,0.2411,-0.1831,-0.1313,-0.2718
12.880,0.2057,-0.2621,-0.1251,-0.2165
12.890,0.1730,-0.3176,-0.1539,-0.2206
12.900,0.1305,-0.4001,-0.1958,-0.1770
12.910,0.1098,-0.4849,-0.1876,-0.0794
12.920,0.0664,-0.5941,-0.2281,-0.0716
12.930,0.0597,-0.6587,-0.1963,-0.0808
12.940,0.0817,-0.6708,-0.2333,-0.0260
12.950,0.0606,-0.6720,-0.2345,-0.0316
12.960,0.0613,-0.6859,-0.2260,-0.0273
12.970,0.0008,-0.7229,-0.2545,-0.0036
12.980,-0.0104,-0.6488,-0.2885,-0.0091
12.990,-0.0072,-0.6071,-0.2274,-0.0158
13.000,0.0046,-0.5888,-0.2316,-0.0183
13.010,-0.0038,-0.4858,-0.1948,0.0204
13.020,-0.0341,-0.4773,-0.2511,-0.0256
13.030,-0.0567,-0.4414,-0.2057,0.0147
13.040,-0.0231,-0.4009,-0.2088,-0.0826
13.050,-0.0612,-0.3821,-0.2199,-0.0834
13.060,-0.0423,-0.4477,-0.1837,-0.1211
13.070,-0.0664,-0.4380,-0.1831,-0.1172
13.080,-0.1194,-0.4641,-0.1770,-0.1437
13.090,-0.1345,-0.5098,-0.1610,-0.2188
13.100,-0.1321,-0.5984,-0.1448,-0.2516
13.110,-0.1812,-0.6454,-0.1293,-0.2923
13.120,-0.2058,-0.6830,-0.1525,-0.3140
13.130,-0.2245,-0.7202,-0.1121,-0.3916
13.140,-0.2667,-0.7791,-0.1016,-0.3854
13.150,-0.3461,-0.7357,-0.1027,-0.4440
13.160,-0.4012,-0.7318,-0.0841,-0.4945
13.170,-0.4475,-0.6505,-0.0480,-0.5435
13.180,-0.4238,-0.6211,-0.0316,-0.5626
13.190,-0.4604,-0.5446,-0.0404,-0.5981
13.200,-0.5206,-0.4682,-0.0142,-0.6441
13.210,-0.5972,-0.3768,-0.0002,-0.6650
13.220,-0.5842,-0.2885,0.0135,-0.6791
13.230,-0.6299,-0.2340,0.0308,-0.7036
13.240,-0.6375,-0.2050,0.0482,-0.6986
13.250,-0.6840,-0.1650,0.1112,-0.7080
13.260,-0.6841,-0.1541,0.0713,-0.7023
13.270,-0.6727,-0.1224,0.1745,-0.7083
13.280,-0.6968,-0.1877,0.1694,-0.6744
13.290,-0.6858,-0.1826,0.1439,-0.7324
13.300,-0.6810,-0.2154,0.1651,-0.6814
13.310,-0.6869,-0.2564,0.1764,-0.6663
13.320,-0.7228,-0.2913,0.1817,-0.6408
13.330,-0.6602,-0.3134,0.1929,-0.5875
13.340,-0.6591,-0.3191,0.1998,-0.5883
13.350,-0.6609,-0.2751,0.2148,-0.5252
13.360,-0.6394,-0.2461,0.2069,-0.5089
13.370,-0.6498,-0.1736,0.2338,-0.4759
13.380,-0.6558,-0.0990,0.2308,-0.4307
13.390,-0.6556,-0.0171,0.2221,-0.3997
13.400,-0.7000,0.0787,0.2313,-0.3287
13.410,-0.7047,0.1618,0.2458,-0.3413
13.420,-0.6654,0.2495,0.2436,-0.3015
13.430,-0.7474,0.3190,0.2327,-0.2835
13.440,-0.7219,0.3852,0.2352,-0.2123
13.450,-0.7254,0.4367,0.2229,-0.2321
13.460,-0.7153,0.4486,0.2059,-0.1729
13.470,-0.7425,0.4053,0.1864,-0.1690
13.480,-0.7727,0.4141,0.2028,-0.1832
13.490,-0.7613,0.3729,0.1689,-0.2219
13.500,-0.8024,0.3405,0.2052,-0.1896
13.510,-0.7979,0.3024,0.2031,-0.1993
13.520,-0.8433,0.2892,0.1798,-0.1718
13.530,-0.8767,0.2755,0.1423,-0.2346
13.540,-0.8733,0.2395,0.1122,-0.1937
13.550,-0.8603,0.2796,0.0955,-0.2750
13.560,-0.8673,0.2863,0.1147,-0.2539
13.570,-0.8745,0.3478,0.0828,-0.2919
13.580,-0.8351,0.4183,0.0436,-0.3595
13.590,-0.8403,0.4548,0.0450,-0.3720
13.600,-0.8494,0.5309,0.0065,-0.4341
13.610,-0.8882,0.5925,0.0374,-0.4548
13.620,-0.8213,0.7029,0.0217,-0.4856
13.630,-0.7837,0.7269,-0.0608,-0.4940
13.640,-0.7698,0.7536,-0.0352,-0.5448
13.650,-0.7404,0.7684,-0.0599,-0.5827
13.660,-0.6985,0.7789,-0.0948,-0.6161
13.670,-0.6576,0.7468,-0.0794,-0.6373
13.680,-0.6294,0.7436,-0.0996,-0.6611
13.690,-0.5920,0.6453,-0.1142,-0.7126
13.700,-0.6021,0.5927,-0.1751,-0.7275
13.710,-0.5422,0.5583,-0.1217,-0.7744
13.720,-0.5352,0.5066,-0.1399,-0.7933
13.730,-0.5543,0.4217,-0.1948,-0.7892
13.740,-0.4655,0.3622,-0.1788,-0.8219
13.750,-0.4160,0.3742,-0.1847,-0.8209
13.760,-0.4921,0.3542,-0.2221,-0.7741
13.770,-0.4590,0.4072,-0.2021,-0.7926
13.780,-0.4752,0.4115,-0.1975,-0.7678
13.790,-0.4144,0.4357,-0.2196,-0.7572
13.800,-0.4212,0.5198,-0.2402,-0.7819
13.810,-0.4200,0.5427,-0.2042,-0.7029
13.820,-0.4048,0.5836,-0.2188,-0.6594
13.830,-0.4203,0.6071,-0.2069,-0.6486
13.840,-0.4067,0.6514,-0.2176,-0.6434
13.850,-0.3886,0.6167,-0.1930,-0.5766
13.860,-0.3791,0.5875,-0.2117,-0.5792
13.870,-0.4105,0.5411,-0.2090,-0.5212
13.880,-0.4115,0.4431,-0.1999,-0.4720
13.890,-0.3714,0.3655,-0.1977,-0.4391
13.900,-0.3455,0.2864,-0.1913,-0.3928
13.910,-0.3349,0.2413,-0.1963,-0.3589
13.920,-0.3298,0.1051,-0.1553,-0.3134
13.930,-0.2671,0.0395,-0.1548,-0.3159
13.940,-0.2190,-0.0565,-0.1568,-0.2831
13.950,-0.1802,-0.0465,-0.1108,-0.2127
13.960,-0.1596,-0.0948,-0.1363,-0.2298
13.970,-0.1209,-0.0557,-0.1328,-0.1864
13.980,-0.1073,-0.0560,-0.0855,-0.1913
13.990,-0.0125,-0.0004,-0.1009,-0.2023
14.000,0.0230,0.0108,-0.0454,-0.1750
14.010,0.0685,0.0556,-0.0254,-0.1894
14.020,0.0992,0.0336,-0.0289,-0.1936
14.030,0.1133,0.0613,-0.0471,-0.1657
14.040,0.1645,0.0752,0.0203,-0.1830
14.050,0.2328,0.0504,0.0311,-0.2403
14.060,0.2550,0.0205,0.0625,-0.2273
14.070,0.2870,-0.0263,0.0628,-0.2937
14.080,0.3053,-0.0758,0.0687,-0.3104
14.090,0.3348,-0.1593,0.0724,-0.3756
14.100,0.3300,-0.2796,0.1057,-0.3649
14.110,0.3486,-0.3826,0.1067,-0.3863
14.120,0.3830,-0.4826,0.1689,-0.4193
14.130,0.3925,-0.5254,0.1556,-0.4854
14.140,0.4205,-0.5436,0.1580,-0.5237
14.150,0.3880,-0.5927,0.1663,-0.5468
14.160,0.4012,-0.6339,0.2113,-0.5439
14.170,0.4142,-0.6229,0.1981,-0.5705
14.180,0.3619,-0.5799,0.2303,-0.5838
14.190,0.3881,-0.5411,0.2302,-0.6201
14.200,0.3747,-0.5422,0.2183,-0.6549
14.210,0.4149,-0.4626,0.2454,-0.6521
14.220,0.4137,-0.4117,0.2001,-0.6595
14.230,0.4080,-0.4053,0.2076,-0.7233
14.240,0.4750,-0.3209,0.2315,-0.7125
14.250,0.4801,-0.3861,0.2526,-0.7052
14.260,0.4934,-0.4006,0.2200,-0.7308
14.270,0.5075,-0.4049,0.1841,-0.7078
14.280,0.5225,-0.4792,0.2151,-0.6730
14.290,0.5649,-0.5341,0.1778,-0.6458
14.300,0.6125,-0.5931,0.1693,-0.6233
14.310,0.6286,-0.6814,0.1985,-0.5744
14.320,0.6829,-0.7149,0.1982,-0.5717
14.330,0.6741,-0.7325,0.1973,-0.5214
14.340,0.7030,-0.7563,0.1878,-0.5223
14.350,0.7655,-0.7875,0.1607,-0.4975
14.360,0.7428,-0.7554,0.1270,-0.4001
14.370,0.7714,-0.7688,0.1669,-0.3564
14.380,0.8183,-0.6816,0.1002,-0.3254
14.390,0.8639,-0.6283,0.1091,-0.3245
14.400,0.8920,-0.5264,0.0833,-0.2563
14.410,0.8957,-0.4816,0.0753,-0.2162
14.420,0.8562,-0.3805,0.0433,-0.1630
14.430,0.8706,-0.3439,0.0315,-0.1502
14.440,0.8910,-0.2975,0.0354,-0.0899
14.450,0.8955,-0.2775,0.0145,-0.0795
14.460,0.8617,-0.2723,-0.0252,-0.0384
14.470,0.8432,-0.2804,-0.0155,-0.0229
14.480,0.8109,-0.2862,-0.0265,0.0085
14.490,0.8076,-0.3436,-0.0727,0.0256
14.500,0.8149,-0.4054,-0.0642,-0.0382
14.510,0.8195,-0.3798,-0.1047,0.0110
14.520,0.7748,-0.4369,-0.1024,0.0043
14.530,0.7379,-0.4146,-0.1667,0.0014
14.540,0.6974,-0.4502,-0.1536,0.0406
14.550,0.6990,-0.4315,-0.1645,-0.0074
14.560,0.6851,-0.4039,-0.1266,-0.0283
14.570,0.6893,-0.2855,-0.1875,-0.0822
14.580,0.6592,-0.2363,-0.1971,-0.0673
14.590,0.6564,-0.2115,-0.2096,-0.1129
14.600,0.6896,-0.0576,-0.1940,-0.1345
14.610,0.6122,0.0134,-0.2071,-0.1853
14.620,0.6535,0.1116,-0.1905,-0.1717
14.630,0.6666,0.1525,-0.1798,-0.2494
14.640,0.6653,0.1992,-0.2120,-0.2627
14.650,0.6988,0.2712,-0.2112,-0.2945
14.660,0.6988,0.3104,-0.2055,-0.3311
14.670,0.6841,0.3041,-0.2332,-0.3652
14.680,0.6860,0.3158,-0.2390,-0.3736
14.690,0.7178,0.2638,-0.2170,-0.4069
14.700,0.7021,0.1586,-0.2269,-0.3995
14.710,0.6887,0.1818,-0.1531,-0.4605
14.720,0.6908,0.1456,-0.2389,-0.4686
14.730,0.6645,0.1439,-0.1958,-0.4996
14.740,0.6976,0.1499,-0.1890,-0.4392
14.750,0.6774,0.1275,-0.1660,-0.4508
14.760,0.6292,0.1592,-0.1523,-0.4000
14.770,0.6213,0.2356,-0.1695,-0.4383
14.780,0.5903,0.2904,-0.1487,-0.4164
14.790,0.5520,0.3998,-0.0809,-0.4085
14.800,0.5217,0.4655,-0.0960,-0.3823
14.810,0.4808,0.5493,-0.1255,-0.2926
14.820,0.4596,0.6051,-0.0803,-0.3248
14.830,0.4496,0.6702,-0.0702,-0.2316
14.840,0.3935,0.7116,-0.0365,-0.2342
14.850,0.3250,0.7348,-0.0229,-0.1645
14.860,0.3320,0.6985,0.0342,-0.1232
14.870,0.2543,0.7161,-0.0330,-0.0763
14.880,0.1956,0.7032,0.0127,-0.0888
14.890,0.1917,0.6524,0.0187,0.0045
14.900,0.1882,0.5975,0.0623,0.0154
14.910,0.1032,0.5231,0.0710,0.0715
14.920,0.0952,0.5292,0.0965,0.0910
14.930,0.0536,0.4026,0.0799,0.1589
14.940,0.0537,0.3959,0.1264,0.1920
14.950,0.0517,0.3990,0.1276,0.1849
14.960,-0.0051,0.3907,0.1256,0.2214
14.970,0.0182,0.4220,0.1275,0.2580
14.980,0.0201,0.4607,0.1813,0.2843
14.990,0.0142,0.5121,0.1836,0.3050
15.000,-0.0386,0.5946,0.1745,0.3130
15.010,-0.0525,0.6167,0.1591,0.3009
15.020,-0.0098,0.6782,0.2007,0.2781
15.030,0.0044,0.6750,0.1996,0.2822
15.040,-0.0439,0.6884,0.2330,0.3029
15.050,-0.0428,0.7082,0.1958,0.2719
15.060,-0.0776,0.6866,0.2253,0.2514
15.070,-0.0697,0.6504,0.2348,0.2746
15.080,-0.1277,0.5510,0.1944,0.2070
15.090,-0.1559,0.4892,0.2342,0.1987
15.100,-0.1193,0.4340,0.2353,0.1448
15.110,-0.1905,0.3504,0.2285,0.0868
15.120,-0.2452,0.2344,0.1892,0.1203
15.130,-0.2179,0.1921,0.2072,0.1013
15.140,-0.2835,0.1433,0.2006,0.0388
15.150,-0.3053,0.1110,0.1866,-0.0069
15.160,-0.3677,0.0464,0.1847,-0.0254
15.170,-0.4071,0.0577,0.1746,-0.0511
15.180,-0.4537,0.1046,0.1374,-0.1082
15.190,-0.4832,0.0805,0.1537,-0.0591
15.200,-0.5216,0.1745,0.1615,-0.0975
15.210,-0.5177,0.1725,0.1085,-0.1228
15.220,-0.6267,0.2160,0.1024,-0.1165
15.230,-0.6007,0.2458,0.1001,-0.1468
15.240,-0.6400,0.2440,0.0911,-0.1635
15.250,-0.6567,0.2070,0.0605,-0.1224
15.260,-0.6864,0.1501,0.0209,-0.1486
15.270,-0.6809,0.1067,0.0110,-0.1087
15.280,-0.6976,0.0498,0.0505,-0.0690
15.290,-0.6981,-0.0429,0.0125,-0.0591
15.300,-0.7132,-0.1655,-0.0088,-0.0541
15.310,-0.6920,-0.2210,-0.0561,-0.0390
15.320,-0.6789,-0.3196,-0.0737,-0.0010
15.330,-0.6869,-0.3990,-0.0388,0.0570
15.340,-0.7183,-0.4402,-0.0573,0.1454
15.350,-0.6913,-0.4811,-0.1304,0.1313
15.360,-0.6661,-0.4924,-0.1390,0.1780
15.370,-0.6339,-0.4680,-0.1233,0.2043
15.380,-0.6488,-0.4784,-0.1937,0.2143
15.390,-0.6377,-0.4169,-0.1574,0.2756
15.400,-0.6717,-0.4302,-0.1708,0.3685
15.410,-0.6815,-0.3803,-0.2025,0.3782
15.420,-0.6941,-0.3164,-0.1907,0.4462
15.430,-0.6720,-0.2951,-0.2205,0.4489
15.440,-0.6893,-0.2878,-0.1920,0.4837
15.450,-0.7326,-0.3501,-0.2270,0.5309
15.460,-0.7092,-0.3048,-0.2026,0.5406
15.470,-0.7425,-0.4048,-0.2088,0.5444
15.480,-0.7738,-0.4479,-0.2158,0.5925
15.490,-0.7649,-0.5151,-0.2104,0.5849
15.500,-0.8402,-0.5491,-0.2278,0.6055
15.510,-0.8342,-0.6232,-0.1882,0.6018
15.520,-0.8244,-0.7151,-0.2167,0.5722
15.530,-0.8290,-0.7286,-0.2159,0.5886
15.540,-0.8755,-0.8115,-0.2114,0.5528
15.550,-0.9099,-0.7923,-0.2147,0.5606
15.560,-0.9295,-0.7882,-0.2012,0.5297
15.570,-0.8602,-0.7641,-0.1729,0.5206
15.580,-0.8650,-0.7318,-0.1696,0.4891
15.590,-0.8533,-0.6687,-0.1438,0.4760
15.600,-0.8676,-0.5764,-0.1555,0.4222
15.610,-0.8563,-0.5446,-0.1291,0.3991
15.620,-0.8270,-0.4428,-0.1048,0.3724
15.630,-0.8367,-0.3971,-0.1480,0.3191
15.640,-0.7753,-0.3373,-0.1442,0.2733
15.650,-0.7580,-0.3326,-0.1124,0.2558
15.660,-0.6893,-0.3255,-0.0768,0.2613
15.670,-0.6806,-0.3752,-0.0633,0.1997
15.680,-0.6722,-0.3763,-0.0130,0.1571
15.690,-0.6058,-0.4451,-0.0187,0.1686
15.700,-0.5682,-0.4682,0.0038,0.1751
15.710,-0.5269,-0.4889,0.0300,0.1365
15.720,-0.4992,-0.5304,0.0174,0.1163
15.730,-0.4989,-0.5956,0.0352,0.1406
15.740,-0.5077,-0.5632,0.0685,0.1225
15.750,-0.4812,-0.5750,0.0784,0.0919
15.760,-0.4184,-0.5215,0.1091,0.0906
15.770,-0.4243,-0.4215,0.1051,0.0988
15.780,-0.4027,-0.4103,0.0940,0.1138
15.790,-0.4411,-0.3077,0.1156,0.1385
15.800,-0.4189,-0.2202,0.1625,0.2041
15.810,-0.4137,-0.1185,0.1402,0.2410
15.820,-0.3914,-0.0491,0.1346,0.2570
15.830,-0.4103,0.0067,0.1593,0.2591
15.840,-0.3881,0.0854,0.1852,0.3448
15.850,-0.4191,0.1221,0.1649,0.3567
15.860,-0.3773,0.1393,0.2079,0.3966
15.870,-0.3718,0.1106,0.2204,0.4602
15.880,-0.3491,0.1189,0.2462,0.4707
15.890,-0.3352,0.1122,0.2385,0.4741
15.900,-0.3582,0.0772,0.2065,0.5378
15.910,-0.2923,0.0236,0.2179,0.5903
15.920,-0.3033,-0.0376,0.1736,0.6132
15.930,-0.2274,-0.0206,0.2084,0.6929
15.940,-0.2396,0.0045,0.2119,0.6645
15.950,-0.2232,0.0029,0.2012,0.6929
15.960,-0.1786,0.0559,0.2198,0.7773
15.970,-0.1431,0.1121,0.1696,0.7359
15.980,-0.1214,0.2118,0.1731,0.7813
15.990,-0.0650,0.2120,0.2071,0.7389
16.000,-0.0207,0.3698,0.1650,0.7718
16.010,0.0706,0.4261,0.1687,0.7503
16.020,0.1156,0.4997,0.1448,0.7555
16.030,0.1126,0.5717,0.1473,0.7550
16.040,0.1726,0.6175,0.1425,0.7163
16.050,0.1725,0.6851,0.0592,0.7614
16.060,0.2401,0.6747,0.0947,0.6914
16.070,0.2817,0.6961,0.0979,0.6642
16.080,0.3236,0.6042,0.0541,0.6523
16.090,0.3473,0.5594,0.0641,0.6094
16.100,0.3095,0.5592,0.0191,0.5438
16.110,0.3746,0.4562,0.0041,0.5260
16.120,0.3553,0.4671,0.0085,0.4820
16.130,0.3770,0.4122,0.0072,0.4847
16.140,0.3646,0.3649,-0.0223,0.4543
16.150,0.3821,0.3752,-0.0409,0.4091
16.160,0.3453,0.3974,-0.0497,0.3394
16.170,0.4184,0.4101,-0.0763,0.3198
16.180,0.3715,0.4861,-0.0973,0.3373
16.190,0.4237,0.5064,-0.1024,0.2995
16.200,0.4284,0.6365,-0.0830,0.2422
16.210,0.4252,0.7069,-0.1089,0.2231
16.220,0.3950,0.6798,-0.1330,0.2186
16.230,0.4324,0.7383,-0.1741,0.2216
16.240,0.4489,0.7802,-0.1995,0.2381
16.250,0.4893,0.7946,-0.2170,0.2178
16.260,0.4563,0.7624,-0.1604,0.2238
16.270,0.5216,0.7514,-0.1872,0.1931
16.280,0.5214,0.6580,-0.1795,0.1995
16.290,0.5755,0.5876,-0.2102,0.2178
16.300,0.5790,0.5172,-0.2084,0.2714
16.310,0.5869,0.4035,-0.2276,0.3021
16.320,0.6478,0.3602,-0.1962,0.3200
16.330,0.6716,0.2677,-0.2152,0.3062
16.340,0.7122,0.2325,-0.2011,0.3730
16.350,0.7364,0.2296,-0.1478,0.3665
16.360,0.8206,0.1850,-0.2281,0.4198
16.370,0.8126,0.2140,-0.2087,0.4639
16.380,0.8057,0.2416,-0.1655,0.5071
16.390,0.8267,0.2530,-0.2299,0.5474
16.400,0.8636,0.2891,-0.1859,0.6063
16.410,0.8737,0.3394,-0.1569,0.6205
16.420,0.9009,0.3328,-0.1578,0.6037
16.430,0.8692,0.4166,-0.1721,0.6564
16.440,0.8748,0.3938,-0.1213,0.6936
16.450,0.9050,0.3563,-0.0999,0.7589
16.460,0.8425,0.2885,-0.0990,0.7493
16.470,0.8507,0.2657,-0.0981,0.7912
16.480,0.7750,0.2116,-0.0768,0.7673
16.490,0.7988,0.1251,-0.0906,0.7772
16.500,0.8228,-0.0246,-0.0462,0.7817
16.510,0.7894,-0.0928,-0.0255,0.7920
16.520,0.7556,-0.1276,-0.0446,0.7485
16.530,0.7669,-0.2479,-0.0250,0.7394
16.540,0.7555,-0.2858,-0.0093,0.6926
16.550,0.7391,-0.3361,0.0163,0.6894
16.560,0.6539,-0.3867,0.0461,0.6714
16.570,0.7168,-0.3422,0.0434,0.6328
16.580,0.7009,-0.3520,0.1229,0.6203
16.590,0.6417,-0.3572,0.0697,0.6117
16.600,0.6608,-0.3316,0.0857,0.5393
16.610,0.6925,-0.2374,0.1085,0.5120
16.620,0.7113,-0.1946,0.1094,0.4794
16.630,0.6931,-0.1496,0.1419,0.4188
16.640,0.6828,-0.2011,0.1503,0.3688
16.650,0.6824,-0.2336,0.1745,0.3614
16.660,0.6555,-0.2211,0.1559,0.3356
16.670,0.7150,-0.2634,0.1873,0.2504
16.680,0.6588,-0.3462,0.1575,0.2413
16.690,0.6745,-0.4074,0.1997,0.1812
16.700,0.6867,-0.4935,0.2124,0.1841
16.710,0.6911,-0.5764,0.1944,0.1452
16.720,0.6727,-0.6492,0.1856,0.1338
16.730,0.6528,-0.6907,0.1927,0.1228
16.740,0.7114,-0.7167,0.2180,0.0901
16.750,0.6639,-0.7620,0.2097,0.1073
16.760,0.6623,-0.7540,0.2272,0.1196
16.770,0.6081,-0.7527,0.1998,0.1147
16.780,0.5845,-0.7083,0.1896,0.1035
16.790,0.5715,-0.6388,0.2268,0.1468
16.800,0.5212,-0.5728,0.1567,0.1509
16.810,0.4811,-0.5490,0.2178,0.1541
16.820,0.4585,-0.4705,0.1696,0.1587
16.830,0.4201,-0.4434,0.1590,0.2118
16.840,0.3820,-0.3970,0.1208,0.2454
16.850,0.3676,-0.4291,0.1218,0.2580
16.860,0.2527,-0.4313,0.1096,0.3269
16.870,0.2466,-0.4343,0.1131,0.3467
16.880,0.2272,-0.4502,0.1563,0.3755
16.890,0.1920,-0.5070,0.0727,0.3798
16.900,0.1263,-0.5354,0.0791,0.4224
16.910,0.1170,-0.5739,0.0573,0.4661
16.920,0.1049,-0.6265,0.0315,0.4445
16.930,0.0386,-0.6578,0.0201,0.5127
16.940,0.0251,-0.6922,0.0188,0.5430
16.950,0.0227,-0.6908,0.0396,0.5564
16.960,0.0296,-0.6652,-0.0298,0.5712
16.970,-0.0013,-0.5876,-0.0525,0.5730
16.980,-0.0025,-0.5567,-0.0760,0.5969
16.990,-0.0142,-0.4487,-0.0621,0.6032
17.000,0.0162,-0.3725,-0.0966,0.5978
17.010,0.0107,-0.2800,-0.0889,0.5825
17.020,-0.0165,-0.1792,-0.1091,0.5863
17.030,-0.0134,-0.0785,-0.1284,0.5804
17.040,-0.0158,-0.0906,-0.1148,0.5483
17.050,-0.0564,-0.0780,-0.1227,0.4847
17.060,-0.0629,-0.0459,-0.1365,0.4446
17.070,-0.0894,-0.0214,-0.1584,0.4188
17.080,-0.0900,-0.0156,-0.1744,0.4069
17.090,-0.1790,-0.0195,-0.1797,0.3870
17.100,-0.1484,-0.0825,-0.1684,0.3208
17.110,-0.1630,-0.0840,-0.1841,0.2884
17.120,-0.1979,-0.1329,-0.2005,0.2418
17.130,-0.2515,-0.1400,-0.2069,0.2212
17.140,-0.2532,-0.1416,-0.2007,0.1737
17.150,-0.3411,-0.1556,-0.2161,0.0928
17.160,-0.3536,-0.1031,-0.2384,0.0897
17.170,-0.4063,-0.0295,-0.2274,0.0184
17.180,-0.4183,0.0259,-0.1896,0.0069
17.190,-0.5200,0.0932,-0.1857,-0.0350
17.200,-0.5347,0.2338,-0.2240,-0.0598
17.210,-0.5398,0.3195,-0.1918,-0.0753
17.220,-0.5819,0.3682,-0.2096,-0.0893
17.230,-0.6210,0.4930,-0.1856,-0.1042
17.240,-0.6293,0.5208,-0.1639,-0.1561
17.250,-0.6715,0.5359,-0.1548,-0.1664
17.260,-0.6765,0.5958,-0.1628,-0.1385
17.270,-0.7309,0.5651,-0.1291,-0.1663
17.280,-0.6898,0.5351,-0.0865,-0.1402
17.290,-0.6971,0.4956,-0.1328,-0.0804
17.300,-0.7023,0.4630,-0.0957,-0.1477
17.310,-0.7314,0.3805,-0.0575,-0.0904
17.320,-0.7070,0.3474,-0.0866,-0.0812
17.330,-0.7195,0.3657,-0.0717,-0.0604
17.340,-0.6905,0.2913,-0.0248,-0.0271
17.350,-0.7262,0.3314,-0.0328,-0.0197
17.360,-0.6687,0.3856,-0.0042,0.0031
17.370,-0.6840,0.3615,0.0080,0.0425
17.380,-0.6613,0.4711,0.0365,0.0981
17.390,-0.6702,0.4867,0.0775,0.1693
17.400,-0.6676,0.5963,0.0256,0.1476
17.410,-0.6685,0.6431,0.0981,0.1904
17.420,-0.6875,0.7063,0.0819,0.1791
17.430,-0.6742,0.7602,0.1086,0.2423
17.440,-0.7084,0.7768,0.1314,0.2649
17.450,-0.6973,0.8112,0.1143,0.2522
17.460,-0.6893,0.7834,0.1537,0.2862
17.470,-0.7207,0.7378,0.1127,0.2922
17.480,-0.7713,0.7189,0.1561,0.2722
17.490,-0.7957,0.6152,0.1437,0.3021
17.500,-0.8124,0.5965,0.1755,0.2830
17.510,-0.7926,0.5200,0.1786,0.2841
17.520,-0.7965,0.4509,0.1597,0.2812
17.530,-0.8667,0.3962,0.1662,0.2474
17.540,-0.8745,0.3456,0.1702,0.2379
17.550,-0.9141,0.3281,0.1408,0.2148
17.560,-0.8713,0.2945,0.2188,0.2036
17.570,-0.8561,0.3379,0.2044,0.1397
17.580,-0.8694,0.3626,0.1968,0.0625
17.590,-0.9010,0.4123,0.1803,0.0591
17.600,-0.8371,0.4348,0.2057,0.0329
17.610,-0.8828,0.5008,0.1836,0.0091
17.620,-0.8180,0.4783,0.1814,-0.0596
17.630,-0.7649,0.4833,0.1892,-0.0640
17.640,-0.7822,0.5132,0.1513,-0.1108
17.650,-0.7664,0.5094,0.1279,-0.2036
17.660,-0.7091,0.4378,0.1537,-0.2544
17.670,-0.6805,0.3808,0.1283,-0.2614
17.680,-0.6887,0.3449,0.1230,-0.2714
17.690,-0.6296,0.2305,0.1305,-0.3170
17.700,-0.6371,0.1446,0.1418,-0.3878
17.710,-0.5836,0.0345,0.0974,-0.4184
17.720,-0.5230,-0.0491,0.0819,-0.4193
17.730,-0.5193,-0.0979,0.0587,-0.4509
17.740,-0.4604,-0.1431,0.0726,-0.4251
17.750,-0.4576,-0.1976,0.0615,-0.4594
17.760,-0.4145,-0.2077,0.0364,-0.4268
17.770,-0.4196,-0.2276,0.0303,-0.4826
17.780,-0.4305,-0.1958,0.0088,-0.4546
17.790,-0.4365,-0.1653,0.0023,-0.4546
17.800,-0.4119,-0.1311,-0.0137,-0.4197
17.810,-0.3976,-0.0962,-0.0237,-0.3994
17.820,-0.4140,-0.0745,-0.0659,-0.3986
17.830,-0.3941,-0.0640,-0.0801,-0.3510
17.840,-0.4131,-0.0552,-0.1069,-0.3085
17.850,-0.3843,-0.0723,-0.0931,-0.3322
17.860,-0.4222,-0.1162,-0.1135,-0.2682
17.870,-0.3607,-0.1632,-0.1374,-0.2303
17.880,-0.3837,-0.2324,-0.1176,-0.2213
17.890,-0.3294,-0.3267,-0.1396,-0.1537
17.900,-0.3386,-0.4211,-0.1569,-0.1435
17.910,-0.3313,-0.4982,-0.1400,-0.1225
17.920,-0.2640,-0.5677,-0.1874,-0.0960
17.930,-0.2527,-0.6399,-0.1517,-0.0659
17.940,-0.2325,-0.6896,-0.1795,-0.0440
17.950,-0.1851,-0.7113,-0.2165,-0.0473
17.960,-0.1823,-0.6954,-0.2071,-0.0299
17.970,-0.1350,-0.6946,-0.1939,-0.0252
17.980,-0.0933,-0.6442,-0.1862,0.0146
17.990,-0.0591,-0.6249,-0.2197,0.0202
18.000,0.0169,-0.5726,-0.2020,-0.0106
18.010,0.0415,-0.4818,-0.2073,0.0031
18.020,0.1052,-0.4689,-0.2165,-0.0066
18.030,0.1594,-0.4257,-0.1875,-0.0310
18.040,0.1261,-0.3986,-0.1916,-0.0692
18.050,0.2307,-0.4173,-0.1743,-0.1008
18.060,0.2471,-0.4377,-0.1651,-0.1025
18.070,0.2861,-0.4640,-0.1706,-0.1535
18.080,0.3132,-0.5154,-0.1611,-0.1625
18.090,0.3259,-0.5643,-0.1215,-0.2088
18.100,0.3623,-0.5994,-0.1328,-0.2456
18.110,0.3499,-0.6025,-0.1279,-0.2838
18.120,0.3587,-0.7062,-0.1137,-0.3468
18.130,0.3625,-0.7296,-0.1068,-0.3321
18.140,0.3851,-0.7616,-0.0732,-0.3814
18.150,0.3620,-0.7219,-0.0934,-0.4670
18.160,0.3701,-0.7329,-0.0862,-0.5086
18.170,0.3942,-0.6836,-0.0393,-0.5284
18.180,0.4022,-0.5947,-0.0267,-0.5442
18.190,0.4097,-0.5606,-0.0427,-0.6558
18.200,0.4028,-0.4908,-0.0015,-0.6023
18.210,0.3722,-0.3729,-0.0168,-0.6892
18.220,0.4703,-0.2949,-0.0315,-0.6452
18.230,0.4315,-0.2142,0.0237,-0.6836
18.240,0.4518,-0.2344,0.0589,-0.6825
18.250,0.4466,-0.1490,0.0832,-0.7041
18.260,0.5076,-0.1319,0.1156,-0.7006
18.270,0.5279,-0.1506,0.1097,-0.6955
18.280,0.5408,-0.1509,0.1020,-0.7006
18.290,0.5232,-0.1900,0.0966,-0.6971
18.300,0.5808,-0.2156,0.1424,-0.6556
18.310,0.6155,-0.2568,0.1233,-0.6134
18.320,0.6830,-0.3015,0.1257,-0.6432
18.330,0.6638,-0.3233,0.1651,-0.5891
18.340,0.7305,-0.3000,0.1709,-0.5688
18.350,0.7749,-0.2514,0.1575,-0.5248
18.360,0.7669,-0.2491,0.1677,-0.5204
18.370,0.7925,-0.1665,0.2111,-0.4440
18.380,0.8237,-0.0841,0.1856,-0.4305
18.390,0.8138,-0.0013,0.2100,-0.4125
18.400,0.8308,0.1066,0.1957,-0.3812
18.410,0.8613,0.1700,0.2130,-0.3111
18.420,0.9068,0.2584,0.1999,-0.2724
18.430,0.8676,0.3057,0.1608,-0.2536
18.440,0.8623,0.3798,0.1882,-0.2506
18.450,0.8630,0.4328,0.2146,-0.2306
18.460,0.8465,0.4697,0.1790,-0.2154
18.470,0.8434,0.4471,0.1695,-0.1886
18.480,0.8094,0.3968,0.1866,-0.1725
18.490,0.8385,0.3485,0.1448,-0.1697
18.500,0.8134,0.3874,0.1517,-0.1934
18.510,0.7657,0.2814,0.1650,-0.1829
18.520,0.7488,0.2986,0.1547,-0.1951
18.530,0.7325,0.2595,0.0828,-0.1921
18.540,0.7388,0.2502,0.1192,-0.2195
18.550,0.7127,0.2846,0.0949,-0.2091
18.560,0.7125,0.2803,0.0790,-0.2807
18.570,0.7082,0.3873,0.0614,-0.2901
18.580,0.6848,0.3944,0.0496,-0.3152
18.590,0.6398,0.4461,0.0437,-0.3609
18.600,0.6697,0.5509,0.0488,-0.4195
18.610,0.6515,0.6351,0.0124,-0.4323
18.620,0.6910,0.6438,0.0261,-0.4705
18.630,0.6450,0.7587,0.0179,-0.4830
18.640,0.6707,0.7851,-0.0215,-0.5788
18.650,0.7332,0.7679,-0.0049,-0.5894
18.660,0.6938,0.7782,-0.0319,-0.5887
18.670,0.6985,0.7461,-0.0872,-0.6448
18.680,0.6558,0.6846,-0.0860,-0.6831
18.690,0.6946,0.6532,-0.1331,-0.7251
18.700,0.7029,0.6051,-0.0990,-0.7807
18.710,0.7363,0.4930,-0.1114,-0.7713
18.720,0.7205,0.4868,-0.1360,-0.7848
18.730,0.6598,0.4245,-0.1566,-0.8093
18.740,0.6591,0.3914,-0.1594,-0.7802
18.750,0.6548,0.3434,-0.1748,-0.7995
18.760,0.6092,0.3996,-0.1709,-0.8003
18.770,0.6246,0.4039,-0.1593,-0.8056
18.780,0.5799,0.4618,-0.2198,-0.7989
18.790,0.5454,0.4824,-0.1763,-0.7560
18.800,0.5115,0.5175,-0.2044,-0.7530
18.810,0.4770,0.5419,-0.2073,-0.7131
18.820,0.4594,0.5781,-0.1975,-0.6808
18.830,0.4164,0.6485,-0.1935,-0.6518
18.840,0.3861,0.6082,-0.2089,-0.6521
18.850,0.3404,0.6128,-0.1800,-0.5863
18.860,0.2965,0.5975,-0.1900,-0.5365
18.870,0.2661,0.5055,-0.1824,-0.4823
18.880,0.2892,0.4640,-0.1719,-0.5073
18.890,0.1856,0.3827,-0.1776,-0.4007
18.900,0.1563,0.2766,-0.1810,-0.3837
18.910,0.1113,0.1894,-0.1848,-0.3649
18.920,0.1111,0.1413,-0.1374,-0.2950
18.930,0.0539,0.0568,-0.1250,-0.3289
18.940,0.0556,-0.0258,-0.1176,-0.2839
18.950,0.0573,-0.0109,-0.1154,-0.2546
18.960,0.0075,-0.0542,-0.1178,-0.2012
18.970,0.0549,-0.0287,-0.0506,-0.1999
18.980,0.0226,-0.0646,-0.1008,-0.1739
18.990,-0.0221,-0.0034,-0.0783,-0.1840
19.000,0.0347,0.0136,-0.0373,-0.1810
19.010,0.0107,0.0349,-0.0523,-0.1957
19.020,-0.0447,0.0406,-0.0063,-0.1826
19.030,-0.0408,0.0958,-0.0021,-0.1816
19.040,-0.0517,0.0694,0.0154,-0.2097
19.050,-0.0241,0.0745,0.0524,-0.2161
19.060,-0.0722,0.0210,0.0828,-0.2221
19.070,-0.0807,-0.0227,0.0459,-0.2753
19.080,-0.0765,-0.1009,0.0820,-0.2619
19.090,-0.1339,-0.1866,0.0954,-0.3114
19.100,-0.1596,-0.2806,0.1274,-0.3709
19.110,-0.1741,-0.3598,0.0723,-0.3805
19.120,-0.2443,-0.4466,0.1371,-0.4380
19.130,-0.2844,-0.5203,0.1228,-0.4605
19.140,-0.2879,-0.5662,0.1040,-0.4759
19.150,-0.3756,-0.6116,0.1588,-0.5461
19.160,-0.4019,-0.6315,0.1414,-0.5227
19.170,-0.4434,-0.6003,0.1548,-0.6090
19.180,-0.4812,-0.6078,0.1724,-0.6065
19.190,-0.4659,-0.5658,0.1289,-0.6327
19.200,-0.5185,-0.4783,0.1383,-0.6349
19.210,-0.5606,-0.4157,0.1758,-0.6538
19.220,-0.6060,-0.3719,0.1725,-0.7246
19.230,-0.6173,-0.3610,0.2099,-0.7036
19.240,-0.6379,-0.3675,0.2122,-0.6849
19.250,-0.6758,-0.3485,0.1845,-0.6808
19.260,-0.6890,-0.3849,0.1721,-0.7297
19.270,-0.7174,-0.4002,0.1935,-0.7034
19.280,-0.6910,-0.4723,0.1930,-0.6809
19.290,-0.7052,-0.5564,0.1961,-0.6416
19.300,-0.7036,-0.5493,0.1912,-0.5994
19.310,-0.6976,-0.6719,0.1704,-0.5989
19.320,-0.7071,-0.6936,0.1477,-0.5633
19.330,-0.6923,-0.7901,0.1565,-0.5182
19.340,-0.6874,-0.7804,0.1304,-0.5089
19.350,-0.6944,-0.8269,0.1378,-0.4837
19.360,-0.6846,-0.8168,0.1032,-0.4055
19.370,-0.6686,-0.7387,0.1102,-0.4084
19.380,-0.6493,-0.6945,0.0943,-0.3238
19.390,-0.7182,-0.5916,0.0746,-0.2795
19.400,-0.6726,-0.5588,0.0951,-0.2736
19.410,-0.6632,-0.4821,0.0659,-0.1920
19.420,-0.6612,-0.3901,0.0302,-0.1772
19.430,-0.6772,-0.3172,0.0380,-0.1409
19.440,-0.6911,-0.2775,0.0242,-0.0868
19.450,-0.7173,-0.2495,-0.0062,-0.0741
19.460,-0.7137,-0.2846,-0.0179,-0.0455
19.470,-0.7395,-0.2492,-0.0731,-0.0633
19.480,-0.7417,-0.2735,-0.0013,-0.0157
19.490,-0.7569,-0.2769,-0.0993,-0.0345
19.500,-0.8100,-0.3879,-0.0363,0.0008
19.510,-0.8323,-0.3720,-0.0662,-0.0028
19.520,-0.8216,-0.4455,-0.1054,0.0305
19.530,-0.8669,-0.4551,-0.1123,-0.0107
19.540,-0.9131,-0.4777,-0.1111,0.0172
19.550,-0.8574,-0.4391,-0.1271,-0.0588
19.560,-0.8814,-0.3956,-0.1461,-0.0320
19.570,-0.8698,-0.3227,-0.0991,-0.0553
19.580,-0.9141,-0.2883,-0.1525,-0.1089
19.590,-0.8725,-0.1469,-0.1569,-0.1428
19.600,-0.8273,-0.0877,-0.1659,-0.1439
19.610,-0.8301,-0.0066,-0.1690,-0.1543
19.620,-0.7962,0.0776,-0.1743,-0.1805
19.630,-0.8032,0.1415,-0.1910,-0.2311
19.640,-0.7741,0.2277,-0.1753,-0.2803
19.650,-0.7337,0.2933,-0.1733,-0.2951
19.660,-0.6911,0.3015,-0.1595,-0.3754
19.670,-0.6816,0.2961,-0.1842,-0.3793
19.680,-0.6532,0.2584,-0.1730,-0.3734
19.690,-0.6239,0.2676,-0.1875,-0.4206
19.700,-0.5868,0.2049,-0.1534,-0.4302
19.710,-0.5486,0.1978,-0.2011,-0.4422
19.720,-0.5296,0.1137,-0.1618,-0.4551
19.730,-0.5360,0.1596,-0.1538,-0.5020
19.740,-0.4945,0.1240,-0.1511,-0.4734
19.750,-0.4871,0.1507,-0.1598,-0.4352
19.760,-0.4397,0.1845,-0.1428,-0.4439
19.770,-0.4349,0.2344,-0.1537,-0.4332
19.780,-0.4710,0.3004,-0.0616,-0.4349
19.790,-0.4336,0.3915,-0.1167,-0.4140
19.800,-0.4162,0.4599,-0.0708,-0.3764
19.810,-0.4191,0.5323,-0.0901,-0.3310
19.820,-0.3764,0.5945,-0.0864,-0.3048
19.830,-0.4126,0.6433,-0.0770,-0.3039
19.840,-0.3993,0.7007,-0.0013,-0.2197
19.850,-0.4145,0.7172,-0.0329,-0.2136
19.860,-0.3904,0.7640,-0.0165,-0.1576
19.870,-0.4209,0.6952,0.0053,-0.1028
19.880,-0.3678,0.6617,0.0346,-0.0663
19.890,-0.3955,0.6206,0.0178,-0.0142
19.900,-0.3756,0.6052,0.0436,0.0470
19.910,-0.2937,0.5253,0.0443,0.0828
19.920,-0.3335,0.5009,0.0685,0.1020
19.930,-0.2941,0.4112,0.0758,0.1565
19.940,-0.2408,0.3637,0.0800,0.1913
19.950,-0.1693,0.3963,0.1127,0.2114
19.960,-0.1768,0.3838,0.0974,0.2109
19.970,-0.1196,0.4485,0.1220,0.2474
19.980,-0.0669,0.5149,0.1001,0.2892
19.990,-0.0411,0.5260,0.1574,0.3221
